id,category
1269.jpg,waterguava
3863.jpg,sawo
623.jpg,banana
2193.jpg,sugarpalm
3750.jpg,taro
2008.jpg,durian
2081.jpg,snakefruit
3919.jpg,sugarpalm
3757.jpg,mango
4489.jpg,sugarpalm
3138.jpg,frangipani
3417.jpg,taro
764.jpg,vanilla
4407.jpg,papaya
1700.jpg,coffeearabica
1786.jpg,cinnamon
2907.jpg,sawo
1075.jpg,coffeearabica
3501.jpg,bamboo
2863.jpg,lychee
771.jpg,jackfruit
208.jpg,whitepepper
4125.jpg,waterguava
2628.jpg,snakefruit
3363.jpg,cinnamon
4009.jpg,taro
820.jpg,sugarpalm
3228.jpg,zodia
1789.jpg,coffeearabica
473.jpg,cinnamon
3446.jpg,sugarpalm
1792.jpg,nilam
2936.jpg,passiflora
2029.jpg,durian
4313.jpg,durian
1411.jpg,starfruit
4275.jpg,waterguava
3532.jpg,jackfruit
1031.jpg,durian
1833.jpg,starfruit
2675.jpg,durian
2172.jpg,guava
1749.jpg,guava
1501.jpg,dragonfruit
2021.jpg,lychee
3899.jpg,nilam
1995.jpg,coffeearabica
1385.jpg,sugarpalm
3651.jpg,coffeearabica
4398.jpg,durian
4581.jpg,zodia
3537.jpg,lychee
2278.jpg,guava
1971.jpg,starfruit
3807.jpg,waterguava
1383.jpg,guava
333.jpg,snakefruit
1354.jpg,banana
1024.jpg,jackfruit
537.jpg,mango
3014.jpg,mango
45.jpg,banana
2375.jpg,dragonfruit
369.jpg,starfruit
1626.jpg,zodia
56.jpg,vanilla
654.jpg,guava
4437.jpg,coffeearabica
89.jpg,passiflora
1711.jpg,mangosteen
20.jpg,durian
1339.jpg,cacao
4351.jpg,papaya
275.jpg,mangosteen
3670.jpg,coffeearabica
2532.jpg,bamboo
1161.jpg,durian
785.jpg,whitepepper
2262.jpg,coffeearabica
2213.jpg,frangipani
3645.jpg,guava
1940.jpg,whitepepper
1777.jpg,mangosteen
1380.jpg,bamboo
212.jpg,mango
239.jpg,zodia
4081.jpg,whitepepper
792.jpg,cinnamon
2057.jpg,jackfruit
1009.jpg,cacao
3295.jpg,snakefruit
3937.jpg,jackfruit
2094.jpg,jackfruit
1157.jpg,taro
58.jpg,papaya
2302.jpg,starfruit
3816.jpg,starfruit
2695.jpg,bamboo
1304.jpg,suweg
1340.jpg,jackfruit
1760.jpg,guava
2028.jpg,jackfruit
4166.jpg,jackfruit
1173.jpg,papaya
1790.jpg,suweg
150.jpg,sugarpalm
2137.jpg,banana
3729.jpg,lychee
6.jpg,suweg
3364.jpg,sugarpalm
109.jpg,nilam
2654.jpg,bamboo
1650.jpg,guava
1211.jpg,jackfruit
3310.jpg,mangosteen
3209.jpg,coffeearabica
2319.jpg,passiflora
149.jpg,frangipani
1488.jpg,vanilla
1862.jpg,nilam
1167.jpg,passiflora
1644.jpg,starfruit
1539.jpg,guava
4494.jpg,sugarpalm
2640.jpg,banana
4373.jpg,suweg
187.jpg,taro
521.jpg,nilam
436.jpg,guava
4439.jpg,jackfruit
76.jpg,taro
539.jpg,taro
3330.jpg,jackfruit
2844.jpg,jackfruit
3732.jpg,banana
1355.jpg,nilam
355.jpg,jackfruit
2899.jpg,vanilla
2041.jpg,sawo
3546.jpg,nilam
1565.jpg,jackfruit
516.jpg,durian
1409.jpg,taro
4039.jpg,starfruit
71.jpg,taro
708.jpg,durian
3539.jpg,coffeearabica
1222.jpg,taro
1154.jpg,nilam
3743.jpg,jackfruit
4188.jpg,cacao
474.jpg,waterguava
1840.jpg,papaya
3996.jpg,passiflora
3574.jpg,bamboo
3207.jpg,zodia
2580.jpg,bamboo
3280.jpg,bamboo
1124.jpg,coffeearabica
4472.jpg,starfruit
501.jpg,sawo
1395.jpg,vanilla
3823.jpg,vanilla
3467.jpg,jackfruit
2363.jpg,coffeearabica
3562.jpg,sawo
915.jpg,mango
815.jpg,zodia
3654.jpg,jackfruit
4256.jpg,bamboo
4305.jpg,jackfruit
760.jpg,bamboo
342.jpg,zodia
1459.jpg,guava
2704.jpg,cacao
817.jpg,guava
2003.jpg,banana
4550.jpg,papaya
3802.jpg,waterguava
429.jpg,starfruit
3684.jpg,jackfruit
2000.jpg,bamboo
1055.jpg,mangosteen
2560.jpg,banana
646.jpg,bamboo
4482.jpg,durian
2753.jpg,durian
682.jpg,papaya
1548.jpg,banana
4369.jpg,sawo
3198.jpg,cacao
3322.jpg,vanilla
1934.jpg,mangosteen
544.jpg,banana
1794.jpg,papaya
1715.jpg,durian
2953.jpg,suweg
2279.jpg,whitepepper
377.jpg,zodia
1026.jpg,guava
2866.jpg,mangosteen
272.jpg,nilam
795.jpg,cacao
4597.jpg,banana
270.jpg,cinnamon
3968.jpg,durian
3221.jpg,dragonfruit
182.jpg,starfruit
3884.jpg,mango
2182.jpg,taro
1936.jpg,cacao
1162.jpg,bamboo
4405.jpg,mangosteen
3713.jpg,dragonfruit
3195.jpg,taro
215.jpg,guava
2067.jpg,waterguava
2558.jpg,zodia
489.jpg,frangipani
3852.jpg,banana
576.jpg,durian
4382.jpg,cacao
3828.jpg,suweg
3429.jpg,waterguava
2571.jpg,dragonfruit
1834.jpg,banana
2749.jpg,taro
2397.jpg,cacao
2526.jpg,passiflora
185.jpg,dragonfruit
4320.jpg,durian
4355.jpg,cacao
4072.jpg,waterguava
1484.jpg,dragonfruit
3064.jpg,lychee
2751.jpg,cacao
1920.jpg,cinnamon
613.jpg,vanilla
930.jpg,taro
243.jpg,bamboo
4021.jpg,nilam
4303.jpg,lychee
2748.jpg,durian
1702.jpg,sugarpalm
3494.jpg,vanilla
2510.jpg,waterguava
4611.jpg,snakefruit
3366.jpg,durian
3851.jpg,lychee
1010.jpg,banana
3577.jpg,jackfruit
153.jpg,coffeearabica
2743.jpg,frangipani
4190.jpg,sugarpalm
703.jpg,vanilla
4476.jpg,guava
2852.jpg,snakefruit
1451.jpg,mango
189.jpg,guava
4033.jpg,bamboo
143.jpg,cinnamon
2719.jpg,guava
2486.jpg,vanilla
1025.jpg,snakefruit
3534.jpg,dragonfruit
3724.jpg,mango
2444.jpg,mango
3085.jpg,mango
4361.jpg,banana
1343.jpg,dragonfruit
1579.jpg,cinnamon
1774.jpg,suweg
3347.jpg,zodia
476.jpg,zodia
2403.jpg,bamboo
4528.jpg,vanilla
2626.jpg,banana
3497.jpg,dragonfruit
2982.jpg,frangipani
717.jpg,whitepepper
2716.jpg,guava
3260.jpg,sawo
3708.jpg,papaya
4161.jpg,zodia
3382.jpg,cinnamon
4179.jpg,cacao
1473.jpg,vanilla
3616.jpg,frangipani
4379.jpg,durian
3990.jpg,lychee
4016.jpg,lychee
327.jpg,whitepepper
2178.jpg,papaya
3769.jpg,sawo
1669.jpg,banana
253.jpg,durian
4268.jpg,suweg
2673.jpg,banana
343.jpg,dragonfruit
1815.jpg,banana
4523.jpg,whitepepper
2643.jpg,cacao
4076.jpg,waterguava
1746.jpg,cacao
2271.jpg,sugarpalm
115.jpg,nilam
2517.jpg,snakefruit
4035.jpg,vanilla
1905.jpg,snakefruit
131.jpg,vanilla
2087.jpg,bamboo
1058.jpg,vanilla
446.jpg,passiflora
1498.jpg,frangipani
3431.jpg,taro
1166.jpg,mangosteen
1812.jpg,vanilla
1601.jpg,banana
3010.jpg,papaya
626.jpg,vanilla
1443.jpg,passiflora
2174.jpg,sawo
2997.jpg,bamboo
4005.jpg,bamboo
3323.jpg,banana
3682.jpg,starfruit
2150.jpg,mango
4028.jpg,taro
2394.jpg,suweg
425.jpg,bamboo
5.jpg,whitepepper
1559.jpg,durian
4596.jpg,whitepepper
824.jpg,mangosteen
366.jpg,sawo
2809.jpg,mango
2530.jpg,cacao
2922.jpg,zodia
3493.jpg,sawo
4443.jpg,bamboo
1101.jpg,snakefruit
850.jpg,starfruit
4038.jpg,mangosteen
2897.jpg,mangosteen
4300.jpg,bamboo
885.jpg,nilam
2789.jpg,dragonfruit
1327.jpg,mango
1781.jpg,durian
4077.jpg,durian
3318.jpg,cinnamon
151.jpg,nilam
1097.jpg,passiflora
4307.jpg,taro
4526.jpg,mango
2552.jpg,taro
3011.jpg,sawo
1376.jpg,taro
2655.jpg,dragonfruit
3164.jpg,starfruit
426.jpg,taro
2204.jpg,banana
732.jpg,guava
4228.jpg,starfruit
3887.jpg,sawo
503.jpg,suweg
2573.jpg,cacao
1297.jpg,banana
8.jpg,bamboo
2011.jpg,cacao
641.jpg,guava
892.jpg,whitepepper
2131.jpg,durian
1478.jpg,papaya
2471.jpg,bamboo
4277.jpg,bamboo
1413.jpg,snakefruit
4306.jpg,dragonfruit
1604.jpg,jackfruit
2476.jpg,dragonfruit
2984.jpg,waterguava
2928.jpg,mangosteen
2470.jpg,jackfruit
2608.jpg,cacao
2595.jpg,nilam
988.jpg,snakefruit
4357.jpg,dragonfruit
622.jpg,snakefruit
1129.jpg,coffeearabica
2501.jpg,dragonfruit
2323.jpg,mango
2627.jpg,frangipani
1655.jpg,suweg
4447.jpg,bamboo
3755.jpg,dragonfruit
3730.jpg,jackfruit
2795.jpg,durian
1144.jpg,cinnamon
440.jpg,lychee
260.jpg,durian
1716.jpg,dragonfruit
3522.jpg,bamboo
3620.jpg,durian
3037.jpg,taro
3305.jpg,taro
4539.jpg,cacao
3284.jpg,dragonfruit
3243.jpg,whitepepper
2282.jpg,cinnamon
534.jpg,mangosteen
3395.jpg,cinnamon
4066.jpg,bamboo
3302.jpg,passiflora
202.jpg,coffeearabica
3726.jpg,dragonfruit
4525.jpg,cacao
4338.jpg,waterguava
84.jpg,papaya
4008.jpg,sugarpalm
4004.jpg,vanilla
4295.jpg,passiflora
577.jpg,vanilla
3768.jpg,durian
751.jpg,dragonfruit
4074.jpg,whitepepper
2698.jpg,dragonfruit
944.jpg,dragonfruit
3623.jpg,jackfruit
237.jpg,vanilla
273.jpg,cacao
4215.jpg,taro
286.jpg,coffeearabica
1032.jpg,dragonfruit
4027.jpg,cinnamon
3218.jpg,coffeearabica
4578.jpg,suweg
283.jpg,frangipani
486.jpg,coffeearabica
2338.jpg,vanilla
513.jpg,dragonfruit
3461.jpg,vanilla
766.jpg,mangosteen
2460.jpg,passiflora
85.jpg,zodia
2902.jpg,mangosteen
3430.jpg,lychee
564.jpg,bamboo
359.jpg,nilam
3058.jpg,bamboo
67.jpg,banana
3949.jpg,banana
1709.jpg,mangosteen
4090.jpg,jackfruit
2998.jpg,banana
2725.jpg,vanilla
3465.jpg,whitepepper
2625.jpg,nilam
265.jpg,durian
2505.jpg,nilam
289.jpg,mangosteen
2020.jpg,mangosteen
1125.jpg,lychee
1331.jpg,vanilla
4334.jpg,bamboo
4189.jpg,dragonfruit
3242.jpg,coffeearabica
4324.jpg,snakefruit
3975.jpg,durian
2587.jpg,zodia
4053.jpg,cacao
3298.jpg,mangosteen
3885.jpg,whitepepper
2457.jpg,coffeearabica
3722.jpg,jackfruit
2537.jpg,dragonfruit
3976.jpg,bamboo
2633.jpg,vanilla
973.jpg,banana
3358.jpg,jackfruit
3114.jpg,cinnamon
1424.jpg,dragonfruit
3303.jpg,sugarpalm
3377.jpg,banana
118.jpg,cacao
4492.jpg,bamboo
2842.jpg,nilam
3935.jpg,mangosteen
2186.jpg,durian
3288.jpg,durian
3030.jpg,dragonfruit
1037.jpg,lychee
950.jpg,durian
768.jpg,frangipani
361.jpg,jackfruit
1089.jpg,vanilla
3981.jpg,taro
1136.jpg,dragonfruit
4057.jpg,waterguava
591.jpg,guava
3941.jpg,durian
2091.jpg,whitepepper
4404.jpg,banana
3751.jpg,snakefruit
3394.jpg,dragonfruit
3179.jpg,durian
2890.jpg,cacao
1171.jpg,jackfruit
82.jpg,mangosteen
1387.jpg,cinnamon
2564.jpg,jackfruit
1744.jpg,cinnamon
1391.jpg,whitepepper
1795.jpg,starfruit
723.jpg,papaya
2475.jpg,guava
3016.jpg,dragonfruit
3543.jpg,durian
3566.jpg,mangosteen
3109.jpg,guava
2555.jpg,jackfruit
443.jpg,dragonfruit
295.jpg,sugarpalm
2596.jpg,dragonfruit
3215.jpg,durian
2168.jpg,nilam
1134.jpg,snakefruit
176.jpg,dragonfruit
3119.jpg,taro
1389.jpg,durian
1475.jpg,jackfruit
2237.jpg,papaya
1554.jpg,bamboo
2139.jpg,mango
1243.jpg,coffeearabica
3017.jpg,frangipani
3122.jpg,mango
1499.jpg,zodia
2993.jpg,nilam
279.jpg,vanilla
3791.jpg,sugarpalm
2782.jpg,dragonfruit
3488.jpg,cacao
668.jpg,vanilla
2812.jpg,taro
757.jpg,whitepepper
2681.jpg,zodia
2718.jpg,bamboo
30.jpg,papaya
97.jpg,mango
4517.jpg,waterguava
2417.jpg,frangipani
1002.jpg,vanilla
334.jpg,lychee
106.jpg,sugarpalm
4251.jpg,mango
3808.jpg,suweg
2391.jpg,passiflora
1172.jpg,jackfruit
4206.jpg,mango
2980.jpg,nilam
1527.jpg,banana
3656.jpg,mango
806.jpg,taro
2696.jpg,bamboo
2874.jpg,banana
4137.jpg,bamboo
2183.jpg,durian
163.jpg,nilam
4267.jpg,coffeearabica
4370.jpg,dragonfruit
4413.jpg,bamboo
2386.jpg,guava
4620.jpg,starfruit
113.jpg,passiflora
2500.jpg,cinnamon
1845.jpg,snakefruit
3264.jpg,cacao
4380.jpg,zodia
160.jpg,guava
518.jpg,bamboo
994.jpg,lychee
38.jpg,dragonfruit
2228.jpg,snakefruit
2033.jpg,snakefruit
4500.jpg,waterguava
3655.jpg,whitepepper
1401.jpg,passiflora
463.jpg,bamboo
349.jpg,sawo
490.jpg,frangipani
328.jpg,banana
2592.jpg,sugarpalm
2964.jpg,jackfruit
211.jpg,passiflora
1041.jpg,vanilla
829.jpg,coffeearabica
788.jpg,durian
811.jpg,passiflora
1196.jpg,suweg
3110.jpg,lychee
3387.jpg,jackfruit
2214.jpg,banana
978.jpg,sawo
2232.jpg,cacao
4061.jpg,sugarpalm
1312.jpg,vanilla
3804.jpg,jackfruit
2495.jpg,vanilla
3117.jpg,cinnamon
3793.jpg,frangipani
3951.jpg,whitepepper
3649.jpg,bamboo
4416.jpg,coffeearabica
2694.jpg,cinnamon
4029.jpg,durian
1648.jpg,suweg
3846.jpg,papaya
4133.jpg,suweg
863.jpg,jackfruit
2878.jpg,taro
42.jpg,guava
4603.jpg,snakefruit
291.jpg,vanilla
949.jpg,whitepepper
2089.jpg,frangipani
1778.jpg,vanilla
1071.jpg,starfruit
1575.jpg,nilam
2503.jpg,banana
1336.jpg,cacao
2840.jpg,cacao
2869.jpg,taro
3141.jpg,jackfruit
3202.jpg,frangipani
2703.jpg,bamboo
1569.jpg,coffeearabica
4068.jpg,waterguava
4026.jpg,zodia
4474.jpg,zodia
2270.jpg,cinnamon
2515.jpg,mangosteen
4551.jpg,papaya
1680.jpg,dragonfruit
3698.jpg,frangipani
197.jpg,sawo
1019.jpg,bamboo
704.jpg,banana
2981.jpg,bamboo
630.jpg,jackfruit
33.jpg,starfruit
10.jpg,guava
3819.jpg,banana
234.jpg,passiflora
2974.jpg,cinnamon
818.jpg,nilam
2451.jpg,bamboo
1727.jpg,mangosteen
178.jpg,passiflora
54.jpg,cinnamon
3428.jpg,starfruit
990.jpg,waterguava
3142.jpg,starfruit
2642.jpg,jackfruit
4455.jpg,coffeearabica
4183.jpg,jackfruit
2688.jpg,guava
672.jpg,bamboo
271.jpg,cacao
683.jpg,whitepepper
251.jpg,jackfruit
2196.jpg,guava
2784.jpg,cacao
3826.jpg,mango
759.jpg,cacao
665.jpg,mangosteen
2645.jpg,cacao
4442.jpg,nilam
1371.jpg,papaya
2431.jpg,taro
130.jpg,waterguava
3979.jpg,zodia
1168.jpg,passiflora
62.jpg,taro
3822.jpg,suweg
916.jpg,sawo
2925.jpg,waterguava
2035.jpg,cacao
4602.jpg,dragonfruit
3523.jpg,sugarpalm
1677.jpg,frangipani
4162.jpg,sugarpalm
833.jpg,guava
3331.jpg,guava
1076.jpg,durian
1183.jpg,mangosteen
2900.jpg,frangipani
948.jpg,nilam
3464.jpg,papaya
3257.jpg,bamboo
1268.jpg,snakefruit
3795.jpg,durian
1603.jpg,snakefruit
2661.jpg,whitepepper
2079.jpg,cinnamon
2312.jpg,sugarpalm
3506.jpg,starfruit
4165.jpg,suweg
951.jpg,durian
4030.jpg,whitepepper
589.jpg,jackfruit
278.jpg,suweg
743.jpg,durian
500.jpg,frangipani
2211.jpg,starfruit
4120.jpg,nilam
1660.jpg,dragonfruit
3896.jpg,frangipani
156.jpg,vanilla
3680.jpg,durian
3403.jpg,durian
1755.jpg,nilam
2624.jpg,taro
380.jpg,dragonfruit
558.jpg,mango
1118.jpg,mangosteen
4115.jpg,papaya
2125.jpg,vanilla
120.jpg,guava
2159.jpg,guava
3550.jpg,cacao
998.jpg,banana
1592.jpg,nilam
2683.jpg,mangosteen
3384.jpg,suweg
2113.jpg,mangosteen
1108.jpg,starfruit
1571.jpg,guava
456.jpg,waterguava
2332.jpg,coffeearabica
2616.jpg,guava
35.jpg,jackfruit
4075.jpg,mangosteen
2097.jpg,cacao
2286.jpg,guava
629.jpg,bamboo
4097.jpg,dragonfruit
3454.jpg,suweg
1018.jpg,jackfruit
290.jpg,jackfruit
4336.jpg,mango
2952.jpg,frangipani
61.jpg,vanilla
2944.jpg,bamboo
3333.jpg,jackfruit
3066.jpg,starfruit
2512.jpg,snakefruit
2051.jpg,suweg
1827.jpg,jackfruit
1873.jpg,zodia
3926.jpg,cacao
3977.jpg,passiflora
3974.jpg,passiflora
3245.jpg,mango
4067.jpg,mango
1078.jpg,taro
3740.jpg,snakefruit
3605.jpg,lychee
3980.jpg,suweg
4169.jpg,banana
2109.jpg,vanilla
3077.jpg,cacao
2756.jpg,mango
3502.jpg,jackfruit
4328.jpg,frangipani
190.jpg,guava
3128.jpg,mango
2727.jpg,sawo
124.jpg,coffeearabica
2235.jpg,waterguava
1241.jpg,nilam
1191.jpg,whitepepper
1295.jpg,passiflora
2951.jpg,lychee
4429.jpg,starfruit
4454.jpg,passiflora
1366.jpg,coffeearabica
3285.jpg,lychee
4399.jpg,sawo
3339.jpg,nilam
3782.jpg,frangipani
4036.jpg,taro
2400.jpg,taro
4142.jpg,mango
3813.jpg,coffeearabica
441.jpg,taro
4514.jpg,lychee
3477.jpg,vanilla
2920.jpg,bamboo
924.jpg,sawo
2641.jpg,dragonfruit
4252.jpg,cacao
3524.jpg,whitepepper
3490.jpg,frangipani
965.jpg,frangipani
1067.jpg,bamboo
1359.jpg,vanilla
353.jpg,sugarpalm
191.jpg,banana
3390.jpg,passiflora
512.jpg,banana
3226.jpg,sawo
2636.jpg,vanilla
427.jpg,vanilla
59.jpg,sawo
2294.jpg,sawo
1846.jpg,banana
3876.jpg,lychee
2016.jpg,cacao
2195.jpg,bamboo
2347.jpg,vanilla
2185.jpg,durian
1200.jpg,waterguava
604.jpg,waterguava
3838.jpg,mango
4173.jpg,guava
1330.jpg,cinnamon
680.jpg,papaya
2181.jpg,starfruit
4441.jpg,zodia
4488.jpg,nilam
4128.jpg,cinnamon
2346.jpg,snakefruit
1820.jpg,cinnamon
3608.jpg,taro
3442.jpg,bamboo
4532.jpg,papaya
1895.jpg,papaya
1706.jpg,banana
819.jpg,taro
4586.jpg,guava
3559.jpg,sawo
3794.jpg,banana
2376.jpg,zodia
1944.jpg,guava
595.jpg,cinnamon
379.jpg,zodia
3717.jpg,whitepepper
1688.jpg,starfruit
4270.jpg,papaya
2810.jpg,jackfruit
1584.jpg,sawo
2697.jpg,mango
1288.jpg,sawo
1878.jpg,bamboo
2671.jpg,passiflora
2811.jpg,dragonfruit
3148.jpg,jackfruit
3344.jpg,durian
3040.jpg,papaya
3388.jpg,papaya
3204.jpg,vanilla
3460.jpg,banana
73.jpg,mangosteen
3308.jpg,taro
313.jpg,suweg
1708.jpg,frangipani
3619.jpg,banana
2881.jpg,durian
1123.jpg,dragonfruit
2361.jpg,nilam
2650.jpg,bamboo
3727.jpg,banana
601.jpg,snakefruit
3351.jpg,durian
1310.jpg,cacao
1738.jpg,passiflora
1197.jpg,waterguava
4322.jpg,taro
3025.jpg,guava
871.jpg,suweg
4281.jpg,cinnamon
4301.jpg,jackfruit
188.jpg,mangosteen
274.jpg,mango
2112.jpg,suweg
1094.jpg,banana
1080.jpg,frangipani
98.jpg,bamboo
375.jpg,vanilla
396.jpg,papaya
4227.jpg,mango
1235.jpg,guava
3987.jpg,sawo
3255.jpg,jackfruit
41.jpg,bamboo
3969.jpg,jackfruit
3931.jpg,starfruit
2850.jpg,durian
4533.jpg,durian
1997.jpg,cacao
2340.jpg,dragonfruit
3473.jpg,coffeearabica
2257.jpg,dragonfruit
1160.jpg,dragonfruit
2730.jpg,jackfruit
480.jpg,coffeearabica
3529.jpg,sugarpalm
527.jpg,durian
4566.jpg,lychee
1318.jpg,zodia
3306.jpg,sawo
620.jpg,jackfruit
3761.jpg,sugarpalm
3855.jpg,cinnamon
4197.jpg,cacao
1206.jpg,jackfruit
2591.jpg,dragonfruit
3451.jpg,coffeearabica
2770.jpg,bamboo
2162.jpg,jackfruit
2541.jpg,coffeearabica
4430.jpg,mangosteen
4069.jpg,papaya
3099.jpg,jackfruit
1799.jpg,guava
248.jpg,guava
1808.jpg,sugarpalm
123.jpg,mango
2334.jpg,passiflora
4153.jpg,nilam
4159.jpg,lychee
710.jpg,waterguava
1549.jpg,jackfruit
230.jpg,taro
1091.jpg,guava
2019.jpg,whitepepper
1580.jpg,vanilla
580.jpg,suweg
685.jpg,durian
4529.jpg,mango
408.jpg,starfruit
1710.jpg,sugarpalm
3084.jpg,papaya
1551.jpg,durian
1012.jpg,lychee
1471.jpg,nilam
509.jpg,sugarpalm
4266.jpg,banana
872.jpg,cacao
3604.jpg,suweg
3597.jpg,banana
1582.jpg,dragonfruit
1629.jpg,whitepepper
4471.jpg,guava
3779.jpg,passiflora
3916.jpg,taro
4209.jpg,suweg
4199.jpg,papaya
2896.jpg,waterguava
256.jpg,sawo
1328.jpg,cinnamon
1034.jpg,jackfruit
3668.jpg,bamboo
1048.jpg,nilam
1562.jpg,cacao
2352.jpg,frangipani
1673.jpg,nilam
1947.jpg,cinnamon
2392.jpg,durian
3047.jpg,waterguava
4605.jpg,vanilla
4111.jpg,suweg
3631.jpg,durian
776.jpg,dragonfruit
4298.jpg,dragonfruit
559.jpg,cacao
4333.jpg,nilam
3404.jpg,lychee
247.jpg,jackfruit
3646.jpg,starfruit
1933.jpg,suweg
477.jpg,passiflora
94.jpg,guava
904.jpg,dragonfruit
2958.jpg,whitepepper
4089.jpg,vanilla
932.jpg,durian
1084.jpg,guava
1987.jpg,waterguava
2128.jpg,dragonfruit
3247.jpg,papaya
362.jpg,jackfruit
2547.jpg,starfruit
1985.jpg,lychee
1634.jpg,jackfruit
60.jpg,guava
3296.jpg,jackfruit
627.jpg,frangipani
1919.jpg,waterguava
3648.jpg,mango
3799.jpg,vanilla
4182.jpg,passiflora
3012.jpg,dragonfruit
2778.jpg,vanilla
538.jpg,jackfruit
3348.jpg,papaya
3874.jpg,coffeearabica
221.jpg,snakefruit
167.jpg,papaya
3542.jpg,lychee
57.jpg,mangosteen
4515.jpg,mango
1289.jpg,jackfruit
2149.jpg,cacao
3149.jpg,coffeearabica
4376.jpg,sawo
515.jpg,sugarpalm
227.jpg,taro
1146.jpg,snakefruit
1095.jpg,snakefruit
894.jpg,bamboo
690.jpg,cinnamon
1329.jpg,papaya
2258.jpg,whitepepper
822.jpg,vanilla
2227.jpg,dragonfruit
3796.jpg,cacao
3637.jpg,frangipani
112.jpg,snakefruit
3479.jpg,coffeearabica
1762.jpg,dragonfruit
664.jpg,cacao
938.jpg,waterguava
4139.jpg,taro
372.jpg,suweg
1912.jpg,zodia
3406.jpg,cinnamon
2458.jpg,mango
388.jpg,banana
3054.jpg,banana
478.jpg,bamboo
193.jpg,zodia
374.jpg,sugarpalm
639.jpg,sawo
3894.jpg,mangosteen
2166.jpg,taro
452.jpg,papaya
1962.jpg,taro
3573.jpg,frangipani
152.jpg,bamboo
1534.jpg,durian
4538.jpg,dragonfruit
368.jpg,jackfruit
1665.jpg,frangipani
1955.jpg,mangosteen
2614.jpg,waterguava
2612.jpg,whitepepper
2224.jpg,snakefruit
1440.jpg,bamboo
3749.jpg,passiflora
3563.jpg,cinnamon
3261.jpg,dragonfruit
1044.jpg,starfruit
2488.jpg,banana
1748.jpg,coffeearabica
1496.jpg,jackfruit
745.jpg,whitepepper
738.jpg,frangipani
2662.jpg,waterguava
3989.jpg,jackfruit
3621.jpg,starfruit
2436.jpg,snakefruit
2859.jpg,whitepepper
1836.jpg,frangipani
3966.jpg,passiflora
3690.jpg,whitepepper
506.jpg,sawo
1854.jpg,waterguava
2602.jpg,jackfruit
3108.jpg,whitepepper
4401.jpg,coffeearabica
4023.jpg,snakefruit
1737.jpg,mango
2221.jpg,mangosteen
1735.jpg,mango
2767.jpg,papaya
1434.jpg,whitepepper
3800.jpg,cacao
4124.jpg,passiflora
4553.jpg,papaya
192.jpg,nilam
2411.jpg,suweg
3715.jpg,guava
412.jpg,cacao
1865.jpg,guava
3436.jpg,dragonfruit
4148.jpg,sugarpalm
2277.jpg,banana
3129.jpg,zodia
3144.jpg,guava
3006.jpg,zodia
1099.jpg,bamboo
1082.jpg,dragonfruit
3169.jpg,whitepepper
3842.jpg,whitepepper
4278.jpg,cacao
2589.jpg,guava
2331.jpg,durian
3082.jpg,mangosteen
4428.jpg,jackfruit
701.jpg,coffeearabica
2036.jpg,starfruit
3973.jpg,sawo
91.jpg,jackfruit
1054.jpg,guava
3889.jpg,snakefruit
1017.jpg,dragonfruit
653.jpg,coffeearabica
3166.jpg,starfruit
3745.jpg,waterguava
3873.jpg,bamboo
1406.jpg,starfruit
4535.jpg,banana
3341.jpg,papaya
1649.jpg,banana
9.jpg,vanilla
705.jpg,nilam
101.jpg,dragonfruit
1963.jpg,starfruit
1372.jpg,durian
4274.jpg,starfruit
2740.jpg,sawo
2077.jpg,guava
1733.jpg,vanilla
2714.jpg,jackfruit
1767.jpg,starfruit
2664.jpg,jackfruit
651.jpg,frangipani
2123.jpg,guava
1544.jpg,suweg
4383.jpg,jackfruit
1324.jpg,dragonfruit
4513.jpg,waterguava
2886.jpg,waterguava
2705.jpg,frangipani
2099.jpg,sawo
3184.jpg,bamboo
99.jpg,waterguava
2155.jpg,jackfruit
4260.jpg,guava
3359.jpg,dragonfruit
1563.jpg,starfruit
2264.jpg,jackfruit
1607.jpg,starfruit
3269.jpg,mango
382.jpg,waterguava
1523.jpg,dragonfruit
1625.jpg,dragonfruit
3201.jpg,starfruit
4080.jpg,mango
836.jpg,vanilla
2255.jpg,starfruit
1259.jpg,suweg
2793.jpg,coffeearabica
311.jpg,vanilla
831.jpg,frangipani
1547.jpg,dragonfruit
241.jpg,dragonfruit
3777.jpg,cacao
832.jpg,jackfruit
3355.jpg,sawo
2310.jpg,guava
3287.jpg,lychee
4436.jpg,nilam
3028.jpg,durian
1557.jpg,mango
397.jpg,banana
3158.jpg,guava
37.jpg,mangosteen
2117.jpg,papaya
3342.jpg,durian
4371.jpg,durian
3530.jpg,guava
2518.jpg,passiflora
340.jpg,snakefruit
435.jpg,durian
2023.jpg,durian
4194.jpg,starfruit
4083.jpg,waterguava
4127.jpg,zodia
1.jpg,cacao
3877.jpg,guava
2063.jpg,durian
2046.jpg,zodia
2692.jpg,vanilla
524.jpg,snakefruit
1904.jpg,durian
3005.jpg,papaya
3814.jpg,sawo
793.jpg,jackfruit
2308.jpg,mangosteen
3538.jpg,durian
1764.jpg,jackfruit
2116.jpg,mango
1060.jpg,starfruit
1126.jpg,zodia
3711.jpg,durian
2010.jpg,sugarpalm
4309.jpg,sugarpalm
1642.jpg,guava
3147.jpg,guava
529.jpg,coffeearabica
4176.jpg,zodia
2393.jpg,cinnamon
2360.jpg,guava
177.jpg,passiflora
2876.jpg,durian
3594.jpg,durian
2864.jpg,cacao
2296.jpg,mangosteen
868.jpg,cacao
3376.jpg,durian
186.jpg,bamboo
1718.jpg,guava
642.jpg,zodia
3248.jpg,cacao
2462.jpg,coffeearabica
2605.jpg,waterguava
720.jpg,suweg
3759.jpg,starfruit
4470.jpg,bamboo
3633.jpg,mangosteen
1494.jpg,guava
3086.jpg,lychee
3472.jpg,bamboo
3476.jpg,passiflora
3835.jpg,vanilla
2620.jpg,bamboo
4218.jpg,starfruit
1967.jpg,suweg
2651.jpg,dragonfruit
358.jpg,whitepepper
69.jpg,sawo
1378.jpg,jackfruit
2276.jpg,taro
468.jpg,passiflora
414.jpg,starfruit
4151.jpg,passiflora
4041.jpg,passiflora
3519.jpg,cinnamon
2678.jpg,durian
1511.jpg,waterguava
75.jpg,mangosteen
1507.jpg,cinnamon
1980.jpg,cinnamon
2464.jpg,nilam
1913.jpg,mangosteen
3607.jpg,jackfruit
1315.jpg,zodia
2822.jpg,papaya
2972.jpg,durian
3551.jpg,dragonfruit
3424.jpg,guava
4314.jpg,nilam
3293.jpg,snakefruit
4063.jpg,jackfruit
963.jpg,sugarpalm
3531.jpg,mango
1503.jpg,nilam
1274.jpg,starfruit
4129.jpg,vanilla
1287.jpg,banana
943.jpg,guava
403.jpg,guava
4464.jpg,snakefruit
1145.jpg,banana
3103.jpg,bamboo
660.jpg,suweg
1281.jpg,taro
3199.jpg,papaya
928.jpg,cacao
1180.jpg,guava
2477.jpg,whitepepper
1335.jpg,snakefruit
2300.jpg,sugarpalm
4119.jpg,lychee
2447.jpg,waterguava
887.jpg,papaya
4100.jpg,durian
117.jpg,dragonfruit
4394.jpg,starfruit
3748.jpg,mangosteen
2962.jpg,papaya
1935.jpg,waterguava
81.jpg,waterguava
1703.jpg,nilam
4617.jpg,waterguava
3669.jpg,zodia
3312.jpg,lychee
1352.jpg,frangipani
1646.jpg,jackfruit
721.jpg,coffeearabica
4049.jpg,frangipani
974.jpg,starfruit
1514.jpg,mangosteen
3462.jpg,snakefruit
2459.jpg,mango
4239.jpg,papaya
3614.jpg,vanilla
2239.jpg,dragonfruit
3276.jpg,durian
3297.jpg,snakefruit
3601.jpg,taro
684.jpg,starfruit
4378.jpg,mango
3890.jpg,cacao
1262.jpg,jackfruit
1122.jpg,suweg
390.jpg,starfruit
3963.jpg,snakefruit
299.jpg,vanilla
1686.jpg,whitepepper
2176.jpg,bamboo
4272.jpg,papaya
3861.jpg,durian
254.jpg,whitepepper
410.jpg,zodia
381.jpg,taro
4512.jpg,sawo
4231.jpg,mango
535.jpg,waterguava
393.jpg,taro
4244.jpg,guava
3518.jpg,starfruit
424.jpg,nilam
494.jpg,snakefruit
4130.jpg,papaya
3862.jpg,frangipani
4299.jpg,coffeearabica
1053.jpg,taro
2110.jpg,banana
481.jpg,sugarpalm
1164.jpg,vanilla
401.jpg,banana
4283.jpg,jackfruit
3200.jpg,durian
2002.jpg,dragonfruit
1462.jpg,vanilla
2834.jpg,taro
2996.jpg,mangosteen
2790.jpg,coffeearabica
2938.jpg,taro
1911.jpg,durian
874.jpg,bamboo
1543.jpg,nilam
2745.jpg,suweg
3986.jpg,mangosteen
3841.jpg,waterguava
2825.jpg,sugarpalm
1487.jpg,cinnamon
4388.jpg,mango
4366.jpg,frangipani
774.jpg,zodia
4248.jpg,frangipani
1077.jpg,nilam
2040.jpg,suweg
2761.jpg,banana
2362.jpg,bamboo
444.jpg,dragonfruit
1156.jpg,waterguava
864.jpg,whitepepper
276.jpg,sawo
46.jpg,sugarpalm
3411.jpg,bamboo
2382.jpg,waterguava
1690.jpg,frangipani
2758.jpg,coffeearabica
560.jpg,suweg
4393.jpg,mango
3023.jpg,jackfruit
4580.jpg,cinnamon
2231.jpg,frangipani
319.jpg,passiflora
3180.jpg,vanilla
2496.jpg,taro
4070.jpg,passiflora
4462.jpg,papaya
2957.jpg,durian
2821.jpg,starfruit
137.jpg,banana
903.jpg,sugarpalm
3697.jpg,vanilla
3268.jpg,waterguava
3665.jpg,bamboo
4465.jpg,cacao
716.jpg,banana
2318.jpg,whitepepper
1502.jpg,passiflora
1901.jpg,banana
3263.jpg,zodia
4444.jpg,mango
525.jpg,mango
1875.jpg,whitepepper
4010.jpg,coffeearabica
3353.jpg,sugarpalm
3113.jpg,bamboo
3088.jpg,papaya
1457.jpg,cacao
1532.jpg,cinnamon
455.jpg,taro
1638.jpg,dragonfruit
2534.jpg,guava
4612.jpg,jackfruit
4001.jpg,vanilla
1148.jpg,guava
2005.jpg,zodia
2241.jpg,taro
2483.jpg,mango
737.jpg,cacao
2597.jpg,dragonfruit
574.jpg,sugarpalm
3703.jpg,banana
2412.jpg,mangosteen
3036.jpg,dragonfruit
2247.jpg,mangosteen
2574.jpg,papaya
4509.jpg,vanilla
1784.jpg,mangosteen
905.jpg,waterguava
4193.jpg,starfruit
1405.jpg,waterguava
4621.jpg,jackfruit
2418.jpg,guava
267.jpg,sawo
3934.jpg,mango
2791.jpg,cacao
44.jpg,bamboo
1510.jpg,whitepepper
4144.jpg,waterguava
1466.jpg,nilam
3489.jpg,passiflora
1278.jpg,snakefruit
1364.jpg,durian
1839.jpg,durian
4353.jpg,mangosteen
2222.jpg,mangosteen
3872.jpg,vanilla
1824.jpg,papaya
2218.jpg,mango
2245.jpg,sugarpalm
3262.jpg,papaya
1497.jpg,durian
2903.jpg,coffeearabica
2238.jpg,lychee
1518.jpg,cinnamon
3764.jpg,whitepepper
1431.jpg,taro
3591.jpg,nilam
3929.jpg,jackfruit
3580.jpg,banana
2487.jpg,mangosteen
561.jpg,lychee
4316.jpg,dragonfruit
2492.jpg,coffeearabica
4431.jpg,coffeearabica
563.jpg,sugarpalm
65.jpg,cacao
719.jpg,suweg
4414.jpg,cacao
3175.jpg,mangosteen
4323.jpg,waterguava
3983.jpg,mangosteen
4185.jpg,sawo
2065.jpg,zodia
50.jpg,sawo
3220.jpg,jackfruit
3252.jpg,lychee
4543.jpg,cacao
314.jpg,frangipani
3806.jpg,mango
3437.jpg,sawo
1286.jpg,nilam
1404.jpg,snakefruit
3716.jpg,mango
3953.jpg,frangipani
467.jpg,passiflora
530.jpg,waterguava
127.jpg,suweg
3833.jpg,banana
1029.jpg,guava
196.jpg,mango
2978.jpg,guava
2559.jpg,jackfruit
3352.jpg,jackfruit
569.jpg,jackfruit
3135.jpg,durian
29.jpg,sawo
4576.jpg,passiflora
2142.jpg,coffeearabica
2225.jpg,guava
140.jpg,vanilla
1042.jpg,nilam
1550.jpg,frangipani
3644.jpg,sugarpalm
531.jpg,vanilla
4391.jpg,sawo
4403.jpg,cacao
3266.jpg,waterguava
235.jpg,waterguava
2491.jpg,coffeearabica
2440.jpg,papaya
1731.jpg,cacao
3007.jpg,vanilla
4321.jpg,nilam
2140.jpg,cacao
2601.jpg,mango
2075.jpg,cinnamon
1983.jpg,guava
1876.jpg,passiflora
3781.jpg,frangipani
4145.jpg,vanilla
1545.jpg,mango
713.jpg,vanilla
2551.jpg,frangipani
1639.jpg,banana
2479.jpg,sawo
3125.jpg,sugarpalm
1479.jpg,starfruit
4422.jpg,sawo
4271.jpg,bamboo
826.jpg,dragonfruit
415.jpg,mangosteen
1266.jpg,waterguava
2047.jpg,banana
3780.jpg,sawo
4138.jpg,dragonfruit
482.jpg,nilam
3766.jpg,durian
1595.jpg,cinnamon
4326.jpg,taro
1893.jpg,jackfruit
2909.jpg,taro
1533.jpg,nilam
3165.jpg,coffeearabica
4032.jpg,jackfruit
4121.jpg,papaya
3286.jpg,waterguava
3867.jpg,mangosteen
3311.jpg,banana
2450.jpg,mangosteen
4043.jpg,durian
322.jpg,suweg
79.jpg,whitepepper
878.jpg,jackfruit
3449.jpg,waterguava
3541.jpg,lychee
2817.jpg,bamboo
1605.jpg,papaya
1093.jpg,vanilla
2755.jpg,jackfruit
2709.jpg,bamboo
1736.jpg,guava
3301.jpg,taro
2406.jpg,banana
302.jpg,durian
3675.jpg,banana
3009.jpg,zodia
2724.jpg,jackfruit
3869.jpg,vanilla
1423.jpg,passiflora
2594.jpg,starfruit
2914.jpg,banana
2829.jpg,sawo
4624.jpg,banana
2839.jpg,jackfruit
1954.jpg,dragonfruit
179.jpg,waterguava
2129.jpg,bamboo
2898.jpg,dragonfruit
3707.jpg,waterguava
1299.jpg,coffeearabica
1261.jpg,passiflora
1313.jpg,coffeearabica
1528.jpg,frangipani
3219.jpg,dragonfruit
1079.jpg,sawo
2056.jpg,suweg
3372.jpg,bamboo
284.jpg,sawo
2259.jpg,cinnamon
419.jpg,nilam
3106.jpg,jackfruit
2967.jpg,vanilla
1964.jpg,dragonfruit
2565.jpg,mango
2824.jpg,passiflora
4588.jpg,cacao
2644.jpg,durian
2693.jpg,banana
4569.jpg,bamboo
3420.jpg,waterguava
2456.jpg,dragonfruit
285.jpg,dragonfruit
1430.jpg,taro
1038.jpg,vanilla
1960.jpg,zodia
3123.jpg,cacao
2497.jpg,sugarpalm
1988.jpg,coffeearabica
3157.jpg,whitepepper
387.jpg,jackfruit
1353.jpg,bamboo
590.jpg,jackfruit
2201.jpg,bamboo
2843.jpg,dragonfruit
3039.jpg,guava
913.jpg,lychee
3624.jpg,dragonfruit
727.jpg,starfruit
1928.jpg,vanilla
4273.jpg,waterguava
2468.jpg,sawo
1039.jpg,cinnamon
2590.jpg,papaya
105.jpg,zodia
4051.jpg,sugarpalm
4217.jpg,jackfruit
3520.jpg,mangosteen
1290.jpg,zodia
846.jpg,durian
929.jpg,mangosteen
2329.jpg,sugarpalm
2165.jpg,waterguava
897.jpg,mangosteen
3840.jpg,nilam
1132.jpg,bamboo
4019.jpg,sugarpalm
4284.jpg,waterguava
2243.jpg,waterguava
695.jpg,dragonfruit
4591.jpg,whitepepper
649.jpg,durian
2845.jpg,sugarpalm
4071.jpg,papaya
1793.jpg,coffeearabica
1558.jpg,mango
2309.jpg,lychee
3602.jpg,zodia
3895.jpg,passiflora
1672.jpg,coffeearabica
2209.jpg,guava
1863.jpg,papaya
4134.jpg,banana
1887.jpg,mangosteen
3725.jpg,passiflora
371.jpg,guava
3225.jpg,jackfruit
16.jpg,coffeearabica
2396.jpg,passiflora
111.jpg,sugarpalm
3173.jpg,waterguava
634.jpg,whitepepper
55.jpg,durian
2351.jpg,suweg
2478.jpg,snakefruit
856.jpg,bamboo
1203.jpg,starfruit
2348.jpg,frangipani
4415.jpg,starfruit
4527.jpg,guava
317.jpg,starfruit
2273.jpg,waterguava
1805.jpg,waterguava
2929.jpg,waterguava
3742.jpg,cacao
3858.jpg,durian
3917.jpg,bamboo
3373.jpg,snakefruit
2101.jpg,durian
1133.jpg,snakefruit
4359.jpg,whitepepper
4208.jpg,cacao
1158.jpg,whitepepper
1816.jpg,snakefruit
4245.jpg,durian
3015.jpg,papaya
619.jpg,passiflora
2808.jpg,jackfruit
356.jpg,sawo
3229.jpg,waterguava
4212.jpg,dragonfruit
145.jpg,cinnamon
2425.jpg,nilam
2799.jpg,cinnamon
1860.jpg,bamboo
4011.jpg,jackfruit
1217.jpg,snakefruit
1254.jpg,durian
2717.jpg,waterguava
611.jpg,passiflora
2955.jpg,sawo
4264.jpg,jackfruit
3194.jpg,coffeearabica
758.jpg,durian
3321.jpg,taro
3731.jpg,jackfruit
2656.jpg,sawo
3360.jpg,passiflora
920.jpg,coffeearabica
3912.jpg,vanilla
658.jpg,lychee
135.jpg,coffeearabica
3448.jpg,lychee
2677.jpg,lychee
2670.jpg,snakefruit
794.jpg,nilam
1990.jpg,starfruit
3778.jpg,jackfruit
3789.jpg,taro
3289.jpg,taro
2942.jpg,whitepepper
2064.jpg,mangosteen
3065.jpg,mango
3319.jpg,mangosteen
4224.jpg,banana
3902.jpg,mangosteen
1978.jpg,zodia
3186.jpg,durian
4086.jpg,starfruit
3918.jpg,cacao
3271.jpg,banana
23.jpg,sugarpalm
4384.jpg,vanilla
246.jpg,starfruit
3810.jpg,passiflora
3251.jpg,dragonfruit
4511.jpg,guava
4308.jpg,coffeearabica
2401.jpg,passiflora
3408.jpg,jackfruit
3579.jpg,dragonfruit
1489.jpg,taro
1668.jpg,suweg
2787.jpg,coffeearabica
3182.jpg,cinnamon
1109.jpg,waterguava
2395.jpg,waterguava
2184.jpg,passiflora
541.jpg,durian
2803.jpg,papaya
3027.jpg,zodia
4582.jpg,durian
3515.jpg,vanilla
1589.jpg,zodia
3362.jpg,cacao
2915.jpg,snakefruit
2887.jpg,mangosteen
1540.jpg,jackfruit
3962.jpg,cinnamon
7.jpg,jackfruit
4292.jpg,snakefruit
2917.jpg,sawo
4024.jpg,bamboo
2736.jpg,banana
1074.jpg,suweg
2102.jpg,waterguava
4044.jpg,dragonfruit
4458.jpg,snakefruit
4315.jpg,frangipani
2584.jpg,suweg
659.jpg,passiflora
548.jpg,waterguava
1421.jpg,cacao
3078.jpg,passiflora
434.jpg,waterguava
1926.jpg,vanilla
1756.jpg,dragonfruit
876.jpg,frangipani
1088.jpg,jackfruit
1181.jpg,cinnamon
3805.jpg,waterguava
214.jpg,suweg
4156.jpg,waterguava
1556.jpg,lychee
3468.jpg,coffeearabica
1679.jpg,frangipani
699.jpg,papaya
3317.jpg,durian
1541.jpg,mango
225.jpg,zodia
1572.jpg,bamboo
3203.jpg,starfruit
1787.jpg,sawo
2428.jpg,sugarpalm
2771.jpg,banana
3196.jpg,mangosteen
3205.jpg,papaya
4288.jpg,starfruit
252.jpg,nilam
765.jpg,suweg
3837.jpg,cacao
77.jpg,dragonfruit
3401.jpg,bamboo
3227.jpg,cacao
1916.jpg,papaya
1880.jpg,whitepepper
3709.jpg,durian
1897.jpg,snakefruit
763.jpg,sawo
3960.jpg,dragonfruit
166.jpg,cacao
292.jpg,banana
3733.jpg,sawo
1225.jpg,bamboo
4191.jpg,mango
2931.jpg,cinnamon
1151.jpg,taro
80.jpg,passiflora
1613.jpg,mangosteen
3320.jpg,lychee
1632.jpg,cacao
2177.jpg,suweg
3398.jpg,cacao
3466.jpg,taro
466.jpg,whitepepper
2653.jpg,passiflora
1028.jpg,sugarpalm
159.jpg,taro
1890.jpg,mango
4498.jpg,cacao
3958.jpg,dragonfruit
1730.jpg,banana
430.jpg,zodia
4346.jpg,bamboo
1450.jpg,banana
1570.jpg,banana
464.jpg,durian
458.jpg,papaya
1807.jpg,bamboo
2073.jpg,mangosteen
1446.jpg,whitepepper
4329.jpg,frangipani
3558.jpg,guava
2156.jpg,mangosteen
1888.jpg,durian
3815.jpg,vanilla
3659.jpg,durian
3993.jpg,dragonfruit
770.jpg,snakefruit
2344.jpg,dragonfruit
2918.jpg,mangosteen
2325.jpg,coffeearabica
1754.jpg,starfruit
4198.jpg,mango
4479.jpg,mangosteen
1493.jpg,waterguava
3001.jpg,cinnamon
4420.jpg,snakefruit
880.jpg,taro
3606.jpg,bamboo
3444.jpg,whitepepper
2762.jpg,cacao
121.jpg,snakefruit
2563.jpg,lychee
3783.jpg,vanilla
3946.jpg,coffeearabica
4171.jpg,jackfruit
28.jpg,mangosteen
2445.jpg,vanilla
2652.jpg,whitepepper
22.jpg,guava
1522.jpg,taro
3291.jpg,jackfruit
1011.jpg,guava
1771.jpg,zodia
4619.jpg,dragonfruit
1244.jpg,cinnamon
173.jpg,mango
378.jpg,starfruit
4599.jpg,coffeearabica
2684.jpg,coffeearabica
3592.jpg,waterguava
837.jpg,mango
2742.jpg,bamboo
3475.jpg,starfruit
3499.jpg,zodia
1684.jpg,vanilla
645.jpg,guava
1596.jpg,whitepepper
573.jpg,banana
4095.jpg,mangosteen
3098.jpg,waterguava
1517.jpg,mango
1624.jpg,guava
4279.jpg,frangipani
2613.jpg,dragonfruit
1420.jpg,sawo
1968.jpg,zodia
2862.jpg,dragonfruit
3957.jpg,guava
691.jpg,bamboo
4360.jpg,starfruit
935.jpg,passiflora
2986.jpg,guava
4210.jpg,mangosteen
3909.jpg,durian
677.jpg,passiflora
2911.jpg,suweg
1611.jpg,taro
967.jpg,frangipani
1251.jpg,banana
807.jpg,sawo
1022.jpg,nilam
2153.jpg,papaya
2831.jpg,lychee
1140.jpg,frangipani
2885.jpg,vanilla
997.jpg,zodia
2895.jpg,waterguava
1247.jpg,starfruit
1326.jpg,vanilla
671.jpg,papaya
1100.jpg,dragonfruit
2763.jpg,vanilla
400.jpg,starfruit
3469.jpg,jackfruit
3185.jpg,frangipani
1332.jpg,frangipani
1293.jpg,vanilla
2454.jpg,guava
2621.jpg,cinnamon
3547.jpg,mango
937.jpg,papaya
4229.jpg,sawo
3441.jpg,cinnamon
678.jpg,whitepepper
1238.jpg,vanilla
171.jpg,waterguava
809.jpg,dragonfruit
2723.jpg,sawo
329.jpg,whitepepper
2970.jpg,bamboo
2104.jpg,passiflora
2485.jpg,snakefruit
258.jpg,lychee
3294.jpg,jackfruit
2796.jpg,snakefruit
498.jpg,whitepepper
1023.jpg,mango
4155.jpg,durian
4213.jpg,passiflora
1267.jpg,dragonfruit
4435.jpg,mangosteen
3038.jpg,sugarpalm
4460.jpg,durian
603.jpg,whitepepper
565.jpg,whitepepper
392.jpg,suweg
1949.jpg,passiflora
4408.jpg,waterguava
2298.jpg,cacao
3758.jpg,vanilla
1986.jpg,mangosteen
2827.jpg,nilam
1300.jpg,cinnamon
103.jpg,papaya
2118.jpg,snakefruit
942.jpg,cinnamon
3510.jpg,taro
3474.jpg,papaya
4507.jpg,passiflora
4501.jpg,mango
814.jpg,papaya
3739.jpg,lychee
4304.jpg,lychee
1853.jpg,suweg
1209.jpg,mango
4565.jpg,vanilla
4054.jpg,taro
174.jpg,mango
3131.jpg,mangosteen
2136.jpg,mango
3083.jpg,cinnamon
2482.jpg,bamboo
2202.jpg,passiflora
1837.jpg,cacao
4170.jpg,dragonfruit
828.jpg,sawo
40.jpg,mangosteen
261.jpg,dragonfruit
3063.jpg,jackfruit
391.jpg,whitepepper
1294.jpg,cinnamon
451.jpg,taro
747.jpg,vanilla
4265.jpg,papaya
1616.jpg,zodia
2889.jpg,durian
1066.jpg,banana
854.jpg,sawo
2171.jpg,frangipani
357.jpg,snakefruit
3883.jpg,sawo
543.jpg,nilam
1886.jpg,guava
2098.jpg,mangosteen
1282.jpg,mangosteen
4392.jpg,sugarpalm
3018.jpg,durian
332.jpg,mangosteen
296.jpg,taro
2473.jpg,vanilla
2937.jpg,suweg
1823.jpg,vanilla
1529.jpg,starfruit
993.jpg,passiflora
3825.jpg,zodia
2836.jpg,jackfruit
700.jpg,starfruit
750.jpg,frangipani
1418.jpg,mango
1590.jpg,taro
3736.jpg,sugarpalm
4219.jpg,coffeearabica
3662.jpg,starfruit
3304.jpg,nilam
784.jpg,durian
1189.jpg,vanilla
1829.jpg,sugarpalm
2965.jpg,frangipani
3470.jpg,cacao
4318.jpg,papaya
346.jpg,guava
3544.jpg,frangipani
3678.jpg,jackfruit
554.jpg,dragonfruit
3483.jpg,waterguava
4555.jpg,durian
1138.jpg,papaya
2722.jpg,vanilla
3274.jpg,vanilla
308.jpg,coffeearabica
264.jpg,guava
2190.jpg,bamboo
633.jpg,snakefruit
2240.jpg,durian
1205.jpg,suweg
2269.jpg,guava
2939.jpg,taro
4236.jpg,frangipani
2164.jpg,waterguava
4559.jpg,passiflora
1800.jpg,papaya
1627.jpg,jackfruit
3003.jpg,sawo
3961.jpg,zodia
1676.jpg,whitepepper
1468.jpg,suweg
1567.jpg,guava
199.jpg,passiflora
2849.jpg,guava
4289.jpg,durian
310.jpg,cacao
2733.jpg,jackfruit
687.jpg,zodia
2539.jpg,banana
4181.jpg,frangipani
1482.jpg,guava
4280.jpg,frangipani
2295.jpg,dragonfruit
4157.jpg,taro
4293.jpg,starfruit
4214.jpg,frangipani
2854.jpg,whitepepper
1320.jpg,suweg
1214.jpg,papaya
2632.jpg,lychee
3992.jpg,sawo
1996.jpg,bamboo
3850.jpg,zodia
4548.jpg,snakefruit
2341.jpg,whitepepper
126.jpg,passiflora
142.jpg,frangipani
3235.jpg,sugarpalm
1491.jpg,sawo
1724.jpg,durian
2210.jpg,papaya
2847.jpg,vanilla
4168.jpg,mangosteen
48.jpg,cinnamon
1721.jpg,vanilla
1131.jpg,whitepepper
3634.jpg,lychee
901.jpg,whitepepper
1599.jpg,guava
2557.jpg,snakefruit
2635.jpg,vanilla
339.jpg,zodia
2959.jpg,vanilla
2760.jpg,banana
3535.jpg,durian
2720.jpg,frangipani
2699.jpg,papaya
4536.jpg,zodia
3948.jpg,frangipani
4106.jpg,durian
3586.jpg,coffeearabica
2707.jpg,jackfruit
917.jpg,jackfruit
1884.jpg,guava
2976.jpg,jackfruit
3281.jpg,suweg
908.jpg,sawo
918.jpg,lychee
2738.jpg,mangosteen
2187.jpg,zodia
1250.jpg,mangosteen
4037.jpg,durian
1119.jpg,passiflora
3615.jpg,sugarpalm
3283.jpg,starfruit
3728.jpg,nilam
835.jpg,sugarpalm
730.jpg,dragonfruit
1056.jpg,taro
2141.jpg,durian
3223.jpg,nilam
1361.jpg,cinnamon
631.jpg,bamboo
748.jpg,zodia
3557.jpg,nilam
2830.jpg,taro
1697.jpg,frangipani
3618.jpg,suweg
1198.jpg,suweg
4610.jpg,durian
2093.jpg,cacao
3334.jpg,durian
2414.jpg,dragonfruit
2288.jpg,mangosteen
1130.jpg,guava
931.jpg,sawo
4341.jpg,bamboo
1414.jpg,suweg
532.jpg,durian
1291.jpg,jackfruit
4211.jpg,durian
3256.jpg,whitepepper
1086.jpg,jackfruit
280.jpg,waterguava
2100.jpg,passiflora
572.jpg,snakefruit
4017.jpg,bamboo
555.jpg,cacao
2846.jpg,coffeearabica
4088.jpg,snakefruit
3095.jpg,dragonfruit
4204.jpg,bamboo
2813.jpg,bamboo
2034.jpg,mango
169.jpg,coffeearabica
3091.jpg,taro
1813.jpg,dragonfruit
2985.jpg,lychee
1170.jpg,whitepepper
4312.jpg,whitepepper
656.jpg,taro
1907.jpg,dragonfruit
1743.jpg,dragonfruit
4337.jpg,frangipani
1819.jpg,sugarpalm
4310.jpg,cinnamon
3549.jpg,jackfruit
421.jpg,guava
3365.jpg,cacao
545.jpg,vanilla
1661.jpg,durian
992.jpg,nilam
4434.jpg,sawo
449.jpg,whitepepper
194.jpg,mango
3868.jpg,papaya
821.jpg,lychee
2649.jpg,vanilla
3151.jpg,mangosteen
4419.jpg,mangosteen
1696.jpg,taro
4561.jpg,mango
2744.jpg,bamboo
3503.jpg,guava
663.jpg,jackfruit
2615.jpg,guava
3829.jpg,cinnamon
1223.jpg,waterguava
1314.jpg,guava
4200.jpg,dragonfruit
2374.jpg,zodia
1932.jpg,banana
945.jpg,starfruit
1081.jpg,bamboo
2947.jpg,papaya
180.jpg,dragonfruit
104.jpg,frangipani
24.jpg,banana
1658.jpg,banana
3480.jpg,cacao
1348.jpg,snakefruit
3080.jpg,jackfruit
2133.jpg,vanilla
3161.jpg,frangipani
3035.jpg,taro
947.jpg,passiflora
3720.jpg,mango
1043.jpg,frangipani
4108.jpg,durian
1280.jpg,waterguava
4237.jpg,vanilla
567.jpg,coffeearabica
2835.jpg,durian
926.jpg,passiflora
3878.jpg,papaya
1239.jpg,durian
3275.jpg,waterguava
1606.jpg,waterguava
1142.jpg,banana
155.jpg,cacao
2472.jpg,papaya
2160.jpg,starfruit
4558.jpg,mango
88.jpg,whitepepper
1064.jpg,banana
1469.jpg,sawo
3776.jpg,mangosteen
3671.jpg,guava
4319.jpg,frangipani
1918.jpg,dragonfruit
3057.jpg,passiflora
1369.jpg,dragonfruit
2111.jpg,papaya
465.jpg,dragonfruit
1725.jpg,whitepepper
344.jpg,vanilla
4174.jpg,zodia
3694.jpg,nilam
3691.jpg,dragonfruit
1614.jpg,mango
64.jpg,mangosteen
2413.jpg,sawo
1814.jpg,passiflora
1386.jpg,jackfruit
3905.jpg,taro
1186.jpg,bamboo
352.jpg,waterguava
734.jpg,dragonfruit
3548.jpg,snakefruit
4238.jpg,coffeearabica
3891.jpg,jackfruit
3354.jpg,taro
3699.jpg,durian
1670.jpg,jackfruit
879.jpg,waterguava
3217.jpg,suweg
2256.jpg,papaya
3380.jpg,starfruit
1780.jpg,passiflora
3643.jpg,frangipani
3527.jpg,dragonfruit
4056.jpg,jackfruit
287.jpg,frangipani
4354.jpg,starfruit
269.jpg,mangosteen
2535.jpg,taro
2702.jpg,mangosteen
3747.jpg,cinnamon
326.jpg,vanilla
1346.jpg,passiflora
3775.jpg,dragonfruit
3134.jpg,cinnamon
2059.jpg,cacao
1345.jpg,starfruit
1350.jpg,zodia
3710.jpg,taro
3486.jpg,coffeearabica
1885.jpg,papaya
420.jpg,vanilla
2207.jpg,suweg
955.jpg,jackfruit
3282.jpg,waterguava
1797.jpg,durian
1678.jpg,vanilla
1751.jpg,banana
1192.jpg,bamboo
3176.jpg,vanilla
2001.jpg,mango
3832.jpg,sugarpalm
485.jpg,jackfruit
2372.jpg,frangipani
3942.jpg,durian
4126.jpg,guava
4348.jpg,banana
216.jpg,lychee
3214.jpg,sawo
2048.jpg,nilam
1486.jpg,waterguava
702.jpg,durian
3021.jpg,cinnamon
4107.jpg,vanilla
4226.jpg,jackfruit
450.jpg,jackfruit
775.jpg,jackfruit
4202.jpg,dragonfruit
1104.jpg,cinnamon
3378.jpg,nilam
3677.jpg,frangipani
1370.jpg,bamboo
636.jpg,frangipani
2380.jpg,waterguava
158.jpg,mangosteen
3375.jpg,papaya
4568.jpg,cinnamon
4432.jpg,taro
587.jpg,vanilla
575.jpg,bamboo
4544.jpg,papaya
772.jpg,nilam
148.jpg,guava
4269.jpg,zodia
3719.jpg,passiflora
3836.jpg,durian
1856.jpg,jackfruit
2145.jpg,durian
1618.jpg,cacao
2600.jpg,suweg
4012.jpg,passiflora
2773.jpg,zodia
4020.jpg,papaya
1373.jpg,starfruit
972.jpg,suweg
2949.jpg,mango
3735.jpg,jackfruit
1260.jpg,banana
1087.jpg,durian
2108.jpg,coffeearabica
3879.jpg,vanilla
168.jpg,guava
2609.jpg,coffeearabica
31.jpg,frangipani
586.jpg,banana
1273.jpg,waterguava
1671.jpg,dragonfruit
3827.jpg,vanilla
3970.jpg,waterguava
2199.jpg,vanilla
1349.jpg,jackfruit
3674.jpg,sawo
2424.jpg,dragonfruit
263.jpg,mangosteen
3111.jpg,banana
1319.jpg,mangosteen
1586.jpg,zodia
2292.jpg,cacao
744.jpg,guava
1719.jpg,jackfruit
195.jpg,starfruit
756.jpg,dragonfruit
3074.jpg,nilam
502.jpg,nilam
841.jpg,durian
1382.jpg,waterguava
3560.jpg,papaya
2814.jpg,mango
2933.jpg,banana
4253.jpg,cinnamon
847.jpg,guava
3145.jpg,cinnamon
4613.jpg,bamboo
1535.jpg,cinnamon
3809.jpg,jackfruit
2837.jpg,jackfruit
255.jpg,vanilla
1889.jpg,sawo
999.jpg,jackfruit
2385.jpg,dragonfruit
4340.jpg,snakefruit
4418.jpg,banana
1175.jpg,sugarpalm
761.jpg,frangipani
2042.jpg,suweg
3338.jpg,whitepepper
3611.jpg,jackfruit
3327.jpg,coffeearabica
3393.jpg,guava
114.jpg,frangipani
1396.jpg,jackfruit
552.jpg,jackfruit
906.jpg,dragonfruit
2877.jpg,coffeearabica
3847.jpg,guava
2910.jpg,taro
2567.jpg,papaya
3438.jpg,taro
1782.jpg,waterguava
2932.jpg,sawo
2216.jpg,mangosteen
693.jpg,starfruit
2157.jpg,durian
922.jpg,guava
406.jpg,sawo
4102.jpg,waterguava
1701.jpg,durian
281.jpg,taro
43.jpg,guava
709.jpg,mango
1879.jpg,passiflora
1722.jpg,waterguava
2556.jpg,mango
138.jpg,cacao
1208.jpg,taro
3143.jpg,sawo
2838.jpg,lychee
799.jpg,banana
4552.jpg,taro
650.jpg,bamboo
1998.jpg,passiflora
496.jpg,jackfruit
2731.jpg,waterguava
2324.jpg,guava
3270.jpg,jackfruit
582.jpg,sugarpalm
3692.jpg,starfruit
207.jpg,durian
1917.jpg,guava
209.jpg,jackfruit
907.jpg,guava
1608.jpg,sawo
4246.jpg,passiflora
2017.jpg,nilam
1303.jpg,sawo
939.jpg,jackfruit
4356.jpg,coffeearabica
1958.jpg,starfruit
598.jpg,cinnamon
2024.jpg,waterguava
100.jpg,guava
4461.jpg,dragonfruit
3389.jpg,coffeearabica
3136.jpg,durian
3972.jpg,jackfruit
1577.jpg,bamboo
3744.jpg,durian
1705.jpg,bamboo
3484.jpg,whitepepper
3381.jpg,sawo
4363.jpg,starfruit
4364.jpg,zodia
4372.jpg,lychee
4060.jpg,papaya
1713.jpg,passiflora
1325.jpg,sugarpalm
2107.jpg,cacao
1368.jpg,zodia
376.jpg,frangipani
1630.jpg,banana
3050.jpg,bamboo
844.jpg,starfruit
1742.jpg,whitepepper
3041.jpg,jackfruit
3485.jpg,nilam
2629.jpg,durian
13.jpg,passiflora
2293.jpg,mango
2735.jpg,mangosteen
2407.jpg,cinnamon
228.jpg,vanilla
2667.jpg,jackfruit
1810.jpg,cacao
3350.jpg,waterguava
3871.jpg,mangosteen
74.jpg,papaya
1855.jpg,coffeearabica
3418.jpg,bamboo
4518.jpg,sugarpalm
617.jpg,cacao
4573.jpg,taro
1435.jpg,jackfruit
882.jpg,frangipani
2244.jpg,waterguava
2663.jpg,vanilla
3681.jpg,nilam
773.jpg,whitepepper
4406.jpg,mangosteen
1270.jpg,vanilla
2433.jpg,taro
2031.jpg,papaya
1428.jpg,bamboo
4352.jpg,mangosteen
669.jpg,whitepepper
3432.jpg,jackfruit
323.jpg,taro
3299.jpg,durian
667.jpg,papaya
3500.jpg,coffeearabica
3689.jpg,bamboo
337.jpg,banana
2252.jpg,zodia
3049.jpg,taro
3609.jpg,coffeearabica
4433.jpg,durian
789.jpg,nilam
2973.jpg,taro
3857.jpg,durian
2060.jpg,mangosteen
644.jpg,papaya
1006.jpg,sawo
3188.jpg,vanilla
1107.jpg,durian
3718.jpg,frangipani
507.jpg,taro
934.jpg,dragonfruit
223.jpg,nilam
1758.jpg,dragonfruit
2499.jpg,banana
350.jpg,jackfruit
4152.jpg,waterguava
849.jpg,snakefruit
417.jpg,vanilla
780.jpg,zodia
762.jpg,whitepepper
447.jpg,frangipani
2637.jpg,guava
3999.jpg,jackfruit
3595.jpg,taro
236.jpg,whitepepper
363.jpg,sawo
1640.jpg,zodia
1759.jpg,cinnamon
4131.jpg,jackfruit
1707.jpg,snakefruit
68.jpg,jackfruit
4184.jpg,coffeearabica
1848.jpg,suweg
1292.jpg,papaya
1035.jpg,dragonfruit
3923.jpg,mangosteen
3292.jpg,mangosteen
3906.jpg,whitepepper
3672.jpg,durian
581.jpg,starfruit
4560.jpg,lychee
852.jpg,frangipani
3121.jpg,starfruit
1485.jpg,mango
1249.jpg,vanilla
53.jpg,guava
1422.jpg,coffeearabica
2858.jpg,guava
1490.jpg,zodia
3844.jpg,vanilla
2442.jpg,sawo
83.jpg,vanilla
755.jpg,starfruit
4503.jpg,dragonfruit
588.jpg,papaya
336.jpg,taro
1951.jpg,passiflora
107.jpg,mango
4172.jpg,guava
3024.jpg,starfruit
3481.jpg,durian
609.jpg,sugarpalm
3702.jpg,frangipani
347.jpg,mangosteen
2797.jpg,nilam
3685.jpg,suweg
2732.jpg,cacao
1492.jpg,durian
3798.jpg,waterguava
2575.jpg,sawo
1448.jpg,guava
1620.jpg,guava
1234.jpg,starfruit
2251.jpg,taro
2794.jpg,bamboo
1674.jpg,frangipani
1384.jpg,sawo
3933.jpg,cinnamon
3239.jpg,lychee
2373.jpg,banana
3998.jpg,snakefruit
968.jpg,durian
940.jpg,zodia
354.jpg,whitepepper
1242.jpg,papaya
2326.jpg,waterguava
1664.jpg,bamboo
3101.jpg,vanilla
2469.jpg,bamboo
3603.jpg,durian
1362.jpg,jackfruit
1007.jpg,nilam
3044.jpg,sugarpalm
154.jpg,passiflora
1202.jpg,bamboo
2991.jpg,lychee
1991.jpg,durian
206.jpg,nilam
1508.jpg,bamboo
2311.jpg,lychee
3052.jpg,jackfruit
2421.jpg,frangipani
2674.jpg,suweg
2389.jpg,lychee
3525.jpg,frangipani
2138.jpg,zodia
2860.jpg,bamboo
4187.jpg,sugarpalm
3192.jpg,frangipani
2659.jpg,waterguava
164.jpg,cacao
1036.jpg,passiflora
2511.jpg,bamboo
338.jpg,durian
1398.jpg,banana
3741.jpg,dragonfruit
3253.jpg,mango
2297.jpg,banana
2700.jpg,dragonfruit
1512.jpg,coffeearabica
301.jpg,waterguava
996.jpg,guava
1027.jpg,taro
146.jpg,guava
3019.jpg,suweg
571.jpg,sawo
2646.jpg,waterguava
4002.jpg,jackfruit
2893.jpg,frangipani
1765.jpg,taro
161.jpg,lychee
2548.jpg,taro
1838.jpg,sawo
4402.jpg,jackfruit
2800.jpg,durian
1417.jpg,cinnamon
805.jpg,durian
3859.jpg,lychee
2631.jpg,dragonfruit
1426.jpg,passiflora
2365.jpg,sugarpalm
2529.jpg,passiflora
869.jpg,sawo
3910.jpg,dragonfruit
2071.jpg,sugarpalm
1898.jpg,suweg
4440.jpg,zodia
2798.jpg,banana
3265.jpg,suweg
4092.jpg,cinnamon
2528.jpg,frangipani
3458.jpg,guava
698.jpg,lychee
3240.jpg,jackfruit
2058.jpg,mangosteen
3130.jpg,taro
681.jpg,cacao
2680.jpg,sugarpalm
3632.jpg,passiflora
1740.jpg,lychee
3581.jpg,starfruit
2891.jpg,durian
1397.jpg,snakefruit
198.jpg,sugarpalm
2741.jpg,waterguava
2578.jpg,cacao
3231.jpg,frangipani
2343.jpg,waterguava
4052.jpg,taro
1439.jpg,whitepepper
1685.jpg,sugarpalm
1692.jpg,cacao
1821.jpg,frangipani
2437.jpg,durian
3162.jpg,waterguava
3965.jpg,sugarpalm
1948.jpg,jackfruit
3118.jpg,starfruit
2509.jpg,bamboo
528.jpg,cinnamon
1228.jpg,sugarpalm
2585.jpg,guava
2522.jpg,vanilla
277.jpg,mangosteen
877.jpg,cinnamon
3763.jpg,suweg
1068.jpg,jackfruit
3642.jpg,lychee
2988.jpg,coffeearabica
2335.jpg,cinnamon
4571.jpg,suweg
1924.jpg,dragonfruit
3582.jpg,lychee
618.jpg,coffeearabica
3696.jpg,passiflora
2872.jpg,bamboo
1051.jpg,durian
2737.jpg,waterguava
2804.jpg,banana
1050.jpg,passiflora
1772.jpg,sawo
2506.jpg,papaya
946.jpg,papaya
2828.jpg,sawo
4259.jpg,vanilla
1654.jpg,starfruit
4499.jpg,cinnamon
1152.jpg,waterguava
2833.jpg,banana
4225.jpg,vanilla
331.jpg,nilam
2068.jpg,taro
1844.jpg,guava
2242.jpg,waterguava
3193.jpg,zodia
2934.jpg,cinnamon
3585.jpg,papaya
1137.jpg,jackfruit
3498.jpg,dragonfruit
594.jpg,dragonfruit
3233.jpg,guava
3928.jpg,whitepepper
4564.jpg,passiflora
4589.jpg,dragonfruit
1938.jpg,durian
3026.jpg,jackfruit
4297.jpg,sugarpalm
624.jpg,bamboo
3068.jpg,jackfruit
2554.jpg,dragonfruit
2120.jpg,coffeearabica
2990.jpg,mangosteen
2711.jpg,frangipani
1598.jpg,jackfruit
3786.jpg,cinnamon
2305.jpg,bamboo
72.jpg,suweg
257.jpg,taro
2901.jpg,guava
4386.jpg,coffeearabica
2940.jpg,whitepepper
445.jpg,zodia
1610.jpg,zodia
1178.jpg,waterguava
2191.jpg,waterguava
4554.jpg,frangipani
3787.jpg,coffeearabica
911.jpg,taro
3453.jpg,snakefruit
578.jpg,bamboo
2747.jpg,sugarpalm
3249.jpg,banana
4504.jpg,guava
3328.jpg,lychee
2043.jpg,frangipani
4520.jpg,vanilla
3701.jpg,durian
2873.jpg,whitepepper
233.jpg,cacao
2054.jpg,cacao
3688.jpg,guava
585.jpg,mango
139.jpg,frangipani
3821.jpg,mango
318.jpg,mangosteen
1271.jpg,snakefruit
957.jpg,passiflora
2823.jpg,dragonfruit
1959.jpg,guava
3571.jpg,starfruit
1561.jpg,suweg
416.jpg,sawo
3060.jpg,frangipani
802.jpg,jackfruit
1825.jpg,jackfruit
3830.jpg,whitepepper
3753.jpg,durian
1859.jpg,bamboo
1069.jpg,papaya
200.jpg,banana
3107.jpg,bamboo
4221.jpg,guava
3160.jpg,taro
321.jpg,starfruit
32.jpg,dragonfruit
1045.jpg,vanilla
1374.jpg,lychee
2927.jpg,jackfruit
4065.jpg,starfruit
4110.jpg,suweg
4585.jpg,sugarpalm
1828.jpg,vanilla
769.jpg,frangipani
2853.jpg,guava
1881.jpg,starfruit
2289.jpg,cinnamon
1121.jpg,banana
800.jpg,dragonfruit
3053.jpg,suweg
886.jpg,waterguava
3627.jpg,papaya
956.jpg,passiflora
676.jpg,waterguava
3978.jpg,cinnamon
1631.jpg,bamboo
1059.jpg,suweg
741.jpg,starfruit
1309.jpg,starfruit
3335.jpg,bamboo
4042.jpg,guava
1745.jpg,zodia
4104.jpg,guava
488.jpg,bamboo
2037.jpg,jackfruit
3797.jpg,snakefruit
1857.jpg,cinnamon
3435.jpg,zodia
2435.jpg,sawo
1436.jpg,waterguava
1296.jpg,guava
469.jpg,vanilla
3723.jpg,durian
3051.jpg,papaya
3043.jpg,cacao
781.jpg,whitepepper
4426.jpg,sugarpalm
102.jpg,zodia
3313.jpg,papaya
1416.jpg,taro
244.jpg,frangipani
1900.jpg,sugarpalm
675.jpg,mango
220.jpg,whitepepper
2307.jpg,sugarpalm
783.jpg,sawo
4136.jpg,papaya
4519.jpg,banana
17.jpg,vanilla
1472.jpg,guava
394.jpg,cinnamon
2095.jpg,durian
492.jpg,coffeearabica
834.jpg,lychee
1112.jpg,mango
970.jpg,vanilla
980.jpg,cinnamon
2807.jpg,passiflora
2660.jpg,suweg
3771.jpg,dragonfruit
1393.jpg,cacao
4522.jpg,bamboo
2754.jpg,waterguava
3790.jpg,taro
2103.jpg,sawo
4480.jpg,lychee
2912.jpg,durian
4411.jpg,zodia
4276.jpg,starfruit
2027.jpg,jackfruit
3409.jpg,jackfruit
1298.jpg,coffeearabica
2851.jpg,papaya
157.jpg,starfruit
2404.jpg,bamboo
4262.jpg,sugarpalm
889.jpg,vanilla
3598.jpg,sugarpalm
884.jpg,zodia
3425.jpg,mangosteen
4409.jpg,starfruit
777.jpg,banana
438.jpg,starfruit
696.jpg,passiflora
1637.jpg,sugarpalm
3964.jpg,taro
1454.jpg,dragonfruit
26.jpg,jackfruit
3924.jpg,papaya
1593.jpg,guava
4050.jpg,durian
3629.jpg,waterguava
848.jpg,dragonfruit
2712.jpg,cinnamon
2018.jpg,mangosteen
351.jpg,snakefruit
638.jpg,banana
2441.jpg,snakefruit
726.jpg,frangipani
891.jpg,guava
183.jpg,taro
2423.jpg,mangosteen
4339.jpg,vanilla
3893.jpg,suweg
4502.jpg,cacao
39.jpg,mango
3921.jpg,guava
2880.jpg,coffeearabica
858.jpg,starfruit
3073.jpg,jackfruit
4478.jpg,sawo
4618.jpg,papaya
3765.jpg,durian
1981.jpg,frangipani
2975.jpg,durian
3944.jpg,banana
1588.jpg,whitepepper
2848.jpg,bamboo
1520.jpg,starfruit
3892.jpg,waterguava
971.jpg,papaya
1381.jpg,taro
742.jpg,suweg
4025.jpg,nilam
4485.jpg,dragonfruit
219.jpg,taro
373.jpg,lychee
240.jpg,guava
1301.jpg,durian
602.jpg,jackfruit
2954.jpg,cacao
4600.jpg,jackfruit
3434.jpg,starfruit
4424.jpg,zodia
1047.jpg,suweg
2883.jpg,banana
3329.jpg,papaya
2466.jpg,lychee
2226.jpg,starfruit
2342.jpg,vanilla
1842.jpg,jackfruit
1729.jpg,cacao
3397.jpg,cacao
459.jpg,taro
991.jpg,cacao
1683.jpg,sugarpalm
3236.jpg,lychee
2992.jpg,starfruit
3250.jpg,jackfruit
1992.jpg,guava
1946.jpg,vanilla
1194.jpg,durian
2908.jpg,starfruit
288.jpg,mango
1896.jpg,durian
1063.jpg,nilam
360.jpg,vanilla
2726.jpg,zodia
3090.jpg,taro
3405.jpg,guava
3803.jpg,durian
4116.jpg,guava
4207.jpg,passiflora
3886.jpg,sugarpalm
2219.jpg,mangosteen
1103.jpg,vanilla
2983.jpg,dragonfruit
3785.jpg,snakefruit
4249.jpg,starfruit
2175.jpg,frangipani
1207.jpg,mango
1645.jpg,sawo
2304.jpg,passiflora
2533.jpg,nilam
2119.jpg,frangipani
3189.jpg,vanilla
3658.jpg,papaya
2766.jpg,banana
3650.jpg,jackfruit
1714.jpg,waterguava
4390.jpg,zodia
1098.jpg,zodia
242.jpg,jackfruit
3801.jpg,whitepepper
1667.jpg,cacao
1798.jpg,bamboo
86.jpg,cacao
3385.jpg,mangosteen
3625.jpg,durian
229.jpg,banana
2330.jpg,dragonfruit
4006.jpg,starfruit
1000.jpg,waterguava
4590.jpg,dragonfruit
4483.jpg,nilam
2746.jpg,durian
3094.jpg,suweg
523.jpg,mangosteen
2233.jpg,starfruit
2888.jpg,dragonfruit
1975.jpg,lychee
1750.jpg,snakefruit
1574.jpg,lychee
870.jpg,jackfruit
2152.jpg,cinnamon
222.jpg,guava
3146.jpg,starfruit
2603.jpg,frangipani
1585.jpg,sugarpalm
2516.jpg,lychee
4367.jpg,coffeearabica
4493.jpg,banana
4327.jpg,cinnamon
2134.jpg,whitepepper
2086.jpg,waterguava
787.jpg,jackfruit
4141.jpg,jackfruit
330.jpg,coffeearabica
15.jpg,dragonfruit
628.jpg,sawo
3238.jpg,jackfruit
692.jpg,cacao
798.jpg,lychee
2353.jpg,papaya
3097.jpg,cacao
3127.jpg,mangosteen
813.jpg,whitepepper
3848.jpg,suweg
1272.jpg,snakefruit
2280.jpg,durian
2531.jpg,nilam
1909.jpg,lychee
2132.jpg,cinnamon
2388.jpg,bamboo
1505.jpg,banana
3105.jpg,vanilla
383.jpg,whitepepper
995.jpg,vanilla
1619.jpg,vanilla
3509.jpg,snakefruit
402.jpg,starfruit
3345.jpg,vanilla
4608.jpg,jackfruit
3705.jpg,dragonfruit
1216.jpg,cinnamon
2306.jpg,snakefruit
1096.jpg,starfruit
2378.jpg,jackfruit
2194.jpg,dragonfruit
2508.jpg,mangosteen
3898.jpg,mango
3177.jpg,dragonfruit
2561.jpg,frangipani
865.jpg,waterguava
3666.jpg,lychee
557.jpg,cinnamon
808.jpg,mango
3641.jpg,papaya
4587.jpg,suweg
3610.jpg,banana
1796.jpg,cacao
2905.jpg,dragonfruit
4064.jpg,jackfruit
2783.jpg,dragonfruit
3922.jpg,vanilla
4287.jpg,cacao
2217.jpg,whitepepper
3773.jpg,bamboo
1257.jpg,zodia
936.jpg,zodia
4594.jpg,frangipani
1102.jpg,bamboo
3866.jpg,mango
1483.jpg,suweg
487.jpg,sugarpalm
1215.jpg,dragonfruit
2170.jpg,suweg
4516.jpg,frangipani
2570.jpg,dragonfruit
1256.jpg,jackfruit
238.jpg,starfruit
1809.jpg,mangosteen
119.jpg,nilam
4247.jpg,papaya
1237.jpg,vanilla
4105.jpg,vanilla
1455.jpg,passiflora
2274.jpg,starfruit
2379.jpg,snakefruit
3881.jpg,sawo
2253.jpg,jackfruit
4510.jpg,jackfruit
2055.jpg,lychee
1773.jpg,cinnamon
3046.jpg,papaya
165.jpg,guava
204.jpg,frangipani
570.jpg,snakefruit
3273.jpg,sawo
3512.jpg,coffeearabica
2465.jpg,coffeearabica
2715.jpg,nilam
606.jpg,mangosteen
4456.jpg,jackfruit
4623.jpg,nilam
3900.jpg,snakefruit
1013.jpg,whitepepper
1972.jpg,waterguava
1139.jpg,sawo
1447.jpg,frangipani
2527.jpg,jackfruit
4093.jpg,coffeearabica
4574.jpg,guava
1410.jpg,mangosteen
1106.jpg,jackfruit
4163.jpg,whitepepper
2377.jpg,snakefruit
4178.jpg,guava
1458.jpg,durian
3578.jpg,cacao
979.jpg,vanilla
2672.jpg,snakefruit
4099.jpg,mangosteen
4549.jpg,durian
778.jpg,cacao
4261.jpg,vanilla
1950.jpg,coffeearabica
4079.jpg,dragonfruit
12.jpg,lychee
3096.jpg,waterguava
2606.jpg,snakefruit
2408.jpg,waterguava
4113.jpg,starfruit
1481.jpg,banana
1687.jpg,jackfruit
566.jpg,papaya
2291.jpg,vanilla
722.jpg,taro
2448.jpg,durian
1279.jpg,coffeearabica
3556.jpg,whitepepper
3414.jpg,papaya
2611.jpg,papaya
4375.jpg,waterguava
224.jpg,waterguava
3811.jpg,starfruit
3337.jpg,dragonfruit
2987.jpg,guava
3367.jpg,zodia
1004.jpg,papaya
2777.jpg,guava
2143.jpg,suweg
706.jpg,sugarpalm
2038.jpg,vanilla
2066.jpg,waterguava
4423.jpg,starfruit
2960.jpg,zodia
1402.jpg,vanilla
141.jpg,dragonfruit
2630.jpg,mangosteen
3391.jpg,whitepepper
746.jpg,bamboo
616.jpg,cacao
749.jpg,mangosteen
767.jpg,nilam
1555.jpg,whitepepper
3400.jpg,jackfruit
1803.jpg,cacao
1307.jpg,jackfruit
3172.jpg,jackfruit
3075.jpg,jackfruit
4087.jpg,sugarpalm
1495.jpg,jackfruit
845.jpg,guava
4285.jpg,bamboo
4389.jpg,durian
3222.jpg,cacao
2999.jpg,coffeearabica
2979.jpg,jackfruit
1564.jpg,mangosteen
4286.jpg,jackfruit
92.jpg,zodia
4467.jpg,papaya
4220.jpg,nilam
4091.jpg,nilam
2977.jpg,sawo
893.jpg,dragonfruit
1174.jpg,banana
2144.jpg,taro
3455.jpg,sawo
3029.jpg,vanilla
1110.jpg,banana
1728.jpg,jackfruit
1783.jpg,starfruit
1169.jpg,waterguava
2966.jpg,taro
1531.jpg,mango
4487.jpg,cacao
2857.jpg,waterguava
2146.jpg,guava
495.jpg,banana
4048.jpg,nilam
1040.jpg,dragonfruit
3399.jpg,snakefruit
3491.jpg,frangipani
4175.jpg,coffeearabica
1224.jpg,durian
1621.jpg,coffeearabica
3959.jpg,starfruit
4098.jpg,frangipani
2995.jpg,guava
3259.jpg,vanilla
2690.jpg,frangipani
122.jpg,mangosteen
4425.jpg,starfruit
1412.jpg,passiflora
1351.jpg,sugarpalm
1843.jpg,snakefruit
1470.jpg,frangipani
293.jpg,starfruit
1622.jpg,jackfruit
1117.jpg,durian
3943.jpg,jackfruit
4609.jpg,lychee
4468.jpg,taro
3140.jpg,cacao
1763.jpg,durian
2676.jpg,mangosteen
2536.jpg,guava
1433.jpg,snakefruit
2130.jpg,banana
1666.jpg,jackfruit
840.jpg,nilam
3639.jpg,dragonfruit
2634.jpg,mango
4368.jpg,bamboo
2261.jpg,dragonfruit
2283.jpg,cacao
1914.jpg,cinnamon
3568.jpg,waterguava
1128.jpg,sugarpalm
2582.jpg,starfruit
1779.jpg,guava
497.jpg,cacao
859.jpg,vanilla
2249.jpg,waterguava
686.jpg,whitepepper
2553.jpg,banana
3812.jpg,taro
2579.jpg,mango
958.jpg,mangosteen
305.jpg,starfruit
11.jpg,vanilla
2039.jpg,frangipani
4481.jpg,coffeearabica
4118.jpg,jackfruit
491.jpg,lychee
70.jpg,papaya
3984.jpg,starfruit
4397.jpg,durian
2364.jpg,dragonfruit
4031.jpg,vanilla
4563.jpg,jackfruit
3647.jpg,frangipani
4410.jpg,mango
1465.jpg,dragonfruit
1818.jpg,guava
592.jpg,banana
4395.jpg,snakefruit
4055.jpg,cacao
2357.jpg,banana
3300.jpg,dragonfruit
652.jpg,waterguava
2759.jpg,dragonfruit
843.jpg,snakefruit
4345.jpg,jackfruit
1460.jpg,lychee
2014.jpg,durian
1083.jpg,sawo
4616.jpg,jackfruit
4452.jpg,snakefruit
439.jpg,starfruit
2427.jpg,durian
3513.jpg,jackfruit
966.jpg,bamboo
210.jpg,durian
2780.jpg,zodia
2868.jpg,nilam
453.jpg,banana
2521.jpg,mangosteen
2126.jpg,mangosteen
181.jpg,starfruit
961.jpg,banana
3901.jpg,dragonfruit
4258.jpg,dragonfruit
4495.jpg,durian
484.jpg,papaya
2921.jpg,sugarpalm
2387.jpg,dragonfruit
3045.jpg,zodia
1263.jpg,cacao
842.jpg,passiflora
4521.jpg,nilam
2208.jpg,cinnamon
2070.jpg,suweg
1062.jpg,zodia
2816.jpg,cinnamon
1822.jpg,whitepepper
2721.jpg,dragonfruit
4084.jpg,whitepepper
596.jpg,sugarpalm
4557.jpg,guava
2420.jpg,mango
2923.jpg,passiflora
2416.jpg,frangipani
3213.jpg,guava
3770.jpg,bamboo
4160.jpg,dragonfruit
2285.jpg,dragonfruit
2481.jpg,starfruit
405.jpg,snakefruit
3570.jpg,whitepepper
3839.jpg,starfruit
4167.jpg,mangosteen
2443.jpg,bamboo
1105.jpg,banana
1929.jpg,banana
3590.jpg,dragonfruit
533.jpg,snakefruit
579.jpg,sawo
4291.jpg,dragonfruit
3521.jpg,durian
2030.jpg,guava
3421.jpg,sugarpalm
2429.jpg,lychee
3440.jpg,mangosteen
1347.jpg,mangosteen
3504.jpg,bamboo
3687.jpg,passiflora
4164.jpg,guava
4242.jpg,waterguava
1219.jpg,nilam
3752.jpg,suweg
715.jpg,suweg
2127.jpg,vanilla
3897.jpg,bamboo
779.jpg,papaya
1392.jpg,mangosteen
1182.jpg,vanilla
568.jpg,passiflora
550.jpg,mango
1868.jpg,taro
3985.jpg,cacao
674.jpg,bamboo
3452.jpg,durian
3831.jpg,dragonfruit
3278.jpg,cacao
976.jpg,frangipani
2576.jpg,jackfruit
1930.jpg,suweg
2941.jpg,snakefruit
1408.jpg,coffeearabica
472.jpg,waterguava
959.jpg,waterguava
4567.jpg,vanilla
3167.jpg,frangipani
1233.jpg,sugarpalm
900.jpg,zodia
4387.jpg,vanilla
1583.jpg,suweg
2542.jpg,durian
2734.jpg,vanilla
2728.jpg,guava
3870.jpg,mango
1092.jpg,papaya
1682.jpg,banana
4385.jpg,bamboo
853.jpg,cinnamon
1218.jpg,zodia
4572.jpg,banana
3316.jpg,guava
2775.jpg,guava
259.jpg,dragonfruit
389.jpg,papaya
912.jpg,dragonfruit
1982.jpg,starfruit
3721.jpg,cacao
2449.jpg,sugarpalm
34.jpg,sugarpalm
4132.jpg,bamboo
1163.jpg,dragonfruit
3686.jpg,nilam
661.jpg,jackfruit
2913.jpg,jackfruit
3853.jpg,banana
3279.jpg,durian
909.jpg,taro
2236.jpg,durian
3062.jpg,cacao
2135.jpg,bamboo
3072.jpg,jackfruit
411.jpg,cacao
2514.jpg,whitepepper
4531.jpg,mangosteen
1150.jpg,frangipani
520.jpg,sugarpalm
27.jpg,zodia
3588.jpg,durian
3517.jpg,whitepepper
718.jpg,vanilla
4400.jpg,whitepepper
1480.jpg,passiflora
1870.jpg,mangosteen
2774.jpg,durian
1415.jpg,papaya
432.jpg,coffeearabica
1190.jpg,taro
370.jpg,banana
1694.jpg,vanilla
1432.jpg,passiflora
399.jpg,lychee
1791.jpg,jackfruit
2114.jpg,frangipani
952.jpg,lychee
1003.jpg,taro
2419.jpg,nilam
3104.jpg,mango
2006.jpg,papaya
1153.jpg,waterguava
984.jpg,whitepepper
2453.jpg,waterguava
2327.jpg,lychee
954.jpg,waterguava
2668.jpg,starfruit
4330.jpg,lychee
294.jpg,bamboo
479.jpg,starfruit
4254.jpg,papaya
409.jpg,coffeearabica
791.jpg,passiflora
3714.jpg,lychee
51.jpg,dragonfruit
2434.jpg,lychee
4448.jpg,passiflora
3583.jpg,frangipani
1400.jpg,whitepepper
3471.jpg,dragonfruit
2871.jpg,zodia
4059.jpg,cacao
982.jpg,cacao
4233.jpg,banana
1636.jpg,starfruit
2785.jpg,snakefruit
1070.jpg,bamboo
2339.jpg,vanilla
4240.jpg,vanilla
4343.jpg,guava
4196.jpg,banana
1463.jpg,waterguava
1449.jpg,cacao
3371.jpg,cacao
262.jpg,suweg
1453.jpg,durian
2894.jpg,papaya
1388.jpg,mango
3116.jpg,passiflora
673.jpg,coffeearabica
3956.jpg,lychee
2622.jpg,mangosteen
2543.jpg,taro
4537.jpg,sugarpalm
4122.jpg,zodia
448.jpg,suweg
4546.jpg,durian
2230.jpg,jackfruit
3693.jpg,cacao
1573.jpg,taro
2189.jpg,guava
2169.jpg,papaya
2314.jpg,cinnamon
132.jpg,sawo
729.jpg,mango
4234.jpg,mangosteen
1826.jpg,durian
1474.jpg,cacao
3153.jpg,guava
4592.jpg,waterguava
1871.jpg,taro
3244.jpg,papaya
3864.jpg,nilam
2013.jpg,starfruit
546.jpg,waterguava
4451.jpg,guava
3033.jpg,frangipani
4350.jpg,zodia
3683.jpg,cinnamon
3208.jpg,jackfruit
52.jpg,dragonfruit
3191.jpg,bamboo
2161.jpg,taro
1867.jpg,taro
1874.jpg,zodia
4241.jpg,nilam
4018.jpg,whitepepper
4347.jpg,jackfruit
2474.jpg,snakefruit
1974.jpg,starfruit
1872.jpg,passiflora
1663.jpg,bamboo
4496.jpg,banana
1212.jpg,durian
1993.jpg,whitepepper
341.jpg,zodia
3554.jpg,guava
2562.jpg,sawo
1305.jpg,guava
1221.jpg,jackfruit
2284.jpg,papaya
3370.jpg,nilam
4317.jpg,vanilla
1695.jpg,waterguava
1072.jpg,snakefruit
3181.jpg,starfruit
2820.jpg,snakefruit
2779.jpg,whitepepper
2349.jpg,mango
1734.jpg,durian
1302.jpg,whitepepper
21.jpg,snakefruit
1882.jpg,bamboo
2701.jpg,waterguava
4.jpg,papaya
3478.jpg,cacao
2265.jpg,durian
1187.jpg,sugarpalm
4506.jpg,mangosteen
3760.jpg,cinnamon
1127.jpg,dragonfruit
1308.jpg,vanilla
1675.jpg,bamboo
2266.jpg,frangipani
804.jpg,vanilla
2096.jpg,mango
2012.jpg,durian
418.jpg,starfruit
786.jpg,coffeearabica
4606.jpg,mango
1597.jpg,starfruit
4540.jpg,jackfruit
1942.jpg,papaya
2317.jpg,dragonfruit
1999.jpg,sawo
975.jpg,suweg
2409.jpg,zodia
2610.jpg,waterguava
1341.jpg,passiflora
2948.jpg,vanilla
4235.jpg,whitepepper
4302.jpg,jackfruit
1185.jpg,cacao
4192.jpg,vanilla
1927.jpg,durian
3593.jpg,dragonfruit
3555.jpg,frangipani
3419.jpg,durian
309.jpg,durian
4096.jpg,durian
2078.jpg,dragonfruit
2275.jpg,taro
2657.jpg,guava
2422.jpg,dragonfruit
2520.jpg,guava
1776.jpg,jackfruit
4135.jpg,banana
3459.jpg,suweg
1363.jpg,sugarpalm
895.jpg,dragonfruit
365.jpg,sugarpalm
2200.jpg,whitepepper
3482.jpg,cacao
312.jpg,jackfruit
1847.jpg,sawo
3552.jpg,coffeearabica
2272.jpg,durian
1536.jpg,jackfruit
1033.jpg,snakefruit
1360.jpg,coffeearabica
867.jpg,suweg
3653.jpg,papaya
3920.jpg,mango
825.jpg,cacao
2148.jpg,passiflora
184.jpg,guava
3663.jpg,durian
2792.jpg,frangipani
1894.jpg,snakefruit
2523.jpg,guava
1892.jpg,bamboo
4117.jpg,passiflora
1477.jpg,papaya
862.jpg,zodia
300.jpg,nilam
250.jpg,snakefruit
914.jpg,papaya
4508.jpg,waterguava
2963.jpg,mangosteen
583.jpg,banana
3336.jpg,mangosteen
1769.jpg,dragonfruit
4255.jpg,mangosteen
688.jpg,nilam
1526.jpg,jackfruit
3002.jpg,frangipani
1427.jpg,bamboo
1600.jpg,bamboo
4230.jpg,bamboo
919.jpg,cinnamon
1984.jpg,whitepepper
1931.jpg,durian
2708.jpg,cacao
297.jpg,nilam
2713.jpg,jackfruit
3657.jpg,coffeearabica
4073.jpg,vanilla
1712.jpg,sugarpalm
1804.jpg,lychee
556.jpg,cacao
2268.jpg,lychee
2588.jpg,taro
1232.jpg,vanilla
2430.jpg,zodia
3854.jpg,guava
3443.jpg,mango
3704.jpg,sawo
2639.jpg,jackfruit
4007.jpg,whitepepper
2801.jpg,waterguava
2666.jpg,mango
711.jpg,papaya
4497.jpg,dragonfruit
3612.jpg,dragonfruit
4584.jpg,durian
1691.jpg,frangipani
2333.jpg,suweg
540.jpg,jackfruit
855.jpg,jackfruit
2350.jpg,lychee
4022.jpg,cacao
3004.jpg,waterguava
493.jpg,zodia
2490.jpg,zodia
125.jpg,durian
1085.jpg,zodia
3652.jpg,banana
2882.jpg,cacao
1014.jpg,cinnamon
4484.jpg,frangipani
2546.jpg,lychee
666.jpg,banana
2502.jpg,mangosteen
1240.jpg,durian
128.jpg,bamboo
2815.jpg,sawo
3112.jpg,whitepepper
2415.jpg,frangipani
3817.jpg,durian
1925.jpg,starfruit
172.jpg,jackfruit
2267.jpg,mango
95.jpg,bamboo
2752.jpg,frangipani
2658.jpg,lychee
553.jpg,mango
3.jpg,guava
3700.jpg,durian
1049.jpg,waterguava
2167.jpg,zodia
4562.jpg,waterguava
4003.jpg,frangipani
1337.jpg,mango
2538.jpg,suweg
4541.jpg,mangosteen
1788.jpg,jackfruit
1615.jpg,whitepepper
4445.jpg,zodia
1651.jpg,durian
2321.jpg,whitepepper
3332.jpg,taro
442.jpg,taro
3596.jpg,cacao
2513.jpg,nilam
1832.jpg,cacao
3032.jpg,taro
3865.jpg,cacao
3325.jpg,cinnamon
1566.jpg,waterguava
1210.jpg,durian
3952.jpg,sugarpalm
1770.jpg,vanilla
2405.jpg,banana
36.jpg,durian
4358.jpg,papaya
3860.jpg,papaya
3622.jpg,durian
3402.jpg,whitepepper
1342.jpg,jackfruit
1344.jpg,waterguava
3676.jpg,vanilla
910.jpg,whitepepper
2426.jpg,waterguava
384.jpg,sugarpalm
3834.jpg,vanilla
2764.jpg,cacao
1961.jpg,jackfruit
3246.jpg,durian
3995.jpg,taro
3089.jpg,papaya
2455.jpg,coffeearabica
2568.jpg,starfruit
3241.jpg,dragonfruit
3587.jpg,frangipani
3664.jpg,papaya
3013.jpg,jackfruit
3661.jpg,vanilla
4103.jpg,dragonfruit
2163.jpg,banana
1213.jpg,mangosteen
4146.jpg,banana
610.jpg,frangipani
838.jpg,waterguava
816.jpg,passiflora
2399.jpg,passiflora
1258.jpg,waterguava
217.jpg,waterguava
615.jpg,whitepepper
1761.jpg,jackfruit
694.jpg,starfruit
536.jpg,suweg
3396.jpg,guava
1255.jpg,mango
657.jpg,mango
3212.jpg,cinnamon
2366.jpg,starfruit
3102.jpg,waterguava
1831.jpg,whitepepper
1802.jpg,cacao
2943.jpg,waterguava
3626.jpg,taro
1375.jpg,banana
1116.jpg,sawo
608.jpg,durian
1311.jpg,cinnamon
1902.jpg,taro
1461.jpg,guava
2623.jpg,snakefruit
3093.jpg,passiflora
3369.jpg,jackfruit
386.jpg,frangipani
3115.jpg,zodia
3383.jpg,coffeearabica
3427.jpg,suweg
2061.jpg,cinnamon
3356.jpg,sugarpalm
1177.jpg,frangipani
933.jpg,sugarpalm
4014.jpg,banana
4349.jpg,mangosteen
3754.jpg,vanilla
736.jpg,sawo
977.jpg,bamboo
2281.jpg,mango
4013.jpg,waterguava
96.jpg,jackfruit
600.jpg,bamboo
348.jpg,papaya
1159.jpg,banana
1817.jpg,mangosteen
3907.jpg,suweg
3407.jpg,mango
3343.jpg,lychee
1591.jpg,cacao
1001.jpg,mango
981.jpg,bamboo
2892.jpg,vanilla
584.jpg,suweg
2619.jpg,papaya
2648.jpg,cinnamon
404.jpg,taro
902.jpg,whitepepper
2384.jpg,papaya
1941.jpg,banana
3139.jpg,sugarpalm
3505.jpg,guava
2229.jpg,vanilla
3600.jpg,snakefruit
1939.jpg,snakefruit
3463.jpg,guava
144.jpg,jackfruit
2080.jpg,cacao
3183.jpg,nilam
1316.jpg,passiflora
2550.jpg,starfruit
4583.jpg,passiflora
3067.jpg,jackfruit
2402.jpg,frangipani
1030.jpg,whitepepper
3008.jpg,vanilla
2826.jpg,durian
1546.jpg,bamboo
2618.jpg,cacao
1766.jpg,banana
4290.jpg,mango
4595.jpg,guava
2022.jpg,durian
1922.jpg,sawo
1008.jpg,waterguava
4449.jpg,mango
3457.jpg,papaya
2032.jpg,passiflora
2082.jpg,waterguava
2368.jpg,jackfruit
4000.jpg,whitepepper
1020.jpg,guava
3076.jpg,lychee
1956.jpg,sugarpalm
1726.jpg,cinnamon
3216.jpg,waterguava
923.jpg,cacao
4530.jpg,mangosteen
662.jpg,cacao
1952.jpg,sugarpalm
110.jpg,durian
4325.jpg,starfruit
1753.jpg,waterguava
3567.jpg,mango
3156.jpg,snakefruit
3277.jpg,durian
3913.jpg,waterguava
941.jpg,nilam
4047.jpg,coffeearabica
655.jpg,coffeearabica
1277.jpg,cinnamon
964.jpg,jackfruit
2540.jpg,snakefruit
413.jpg,jackfruit
4446.jpg,cacao
1275.jpg,mangosteen
407.jpg,nilam
4601.jpg,starfruit
2819.jpg,snakefruit
3746.jpg,banana
2581.jpg,starfruit
4453.jpg,taro
1245.jpg,durian
1910.jpg,waterguava
1464.jpg,coffeearabica
1830.jpg,mangosteen
2687.jpg,dragonfruit
4177.jpg,jackfruit
1699.jpg,bamboo
3426.jpg,zodia
1723.jpg,sawo
522.jpg,frangipani
790.jpg,sugarpalm
325.jpg,durian
510.jpg,guava
739.jpg,waterguava
437.jpg,papaya
2223.jpg,whitepepper
724.jpg,durian
3908.jpg,whitepepper
2971.jpg,papaya
896.jpg,mango
2961.jpg,starfruit
712.jpg,cacao
812.jpg,waterguava
1943.jpg,vanilla
1785.jpg,cinnamon
2906.jpg,suweg
3234.jpg,zodia
2316.jpg,cinnamon
3994.jpg,snakefruit
385.jpg,sugarpalm
625.jpg,sugarpalm
2290.jpg,banana
3034.jpg,cinnamon
1628.jpg,sawo
475.jpg,waterguava
1877.jpg,taro
2050.jpg,jackfruit
2009.jpg,sawo
2806.jpg,snakefruit
1188.jpg,guava
3190.jpg,whitepepper
1438.jpg,guava
1623.jpg,nilam
471.jpg,banana
2356.jpg,papaya
2463.jpg,cacao
1850.jpg,suweg
4450.jpg,cinnamon
1635.jpg,whitepepper
63.jpg,mangosteen
3224.jpg,vanilla
2638.jpg,waterguava
1560.jpg,sugarpalm
1657.jpg,frangipani
731.jpg,mango
3903.jpg,snakefruit
621.jpg,nilam
1899.jpg,mangosteen
2950.jpg,jackfruit
3092.jpg,durian
3888.jpg,sugarpalm
1915.jpg,vanilla
927.jpg,durian
851.jpg,banana
733.jpg,cinnamon
2935.jpg,mangosteen
4109.jpg,papaya
1073.jpg,mangosteen
3843.jpg,zodia
4469.jpg,coffeearabica
3660.jpg,vanilla
1231.jpg,zodia
4615.jpg,vanilla
1858.jpg,passiflora
3492.jpg,starfruit
3163.jpg,coffeearabica
4473.jpg,suweg
398.jpg,passiflora
782.jpg,cacao
4556.jpg,jackfruit
3967.jpg,starfruit
4342.jpg,bamboo
1419.jpg,sawo
4222.jpg,lychee
1437.jpg,taro
3880.jpg,sugarpalm
2076.jpg,lychee
2367.jpg,passiflora
2336.jpg,frangipani
3576.jpg,papaya
888.jpg,frangipani
162.jpg,mango
3258.jpg,nilam
1506.jpg,banana
1568.jpg,mango
1476.jpg,vanilla
3079.jpg,suweg
3346.jpg,sugarpalm
4205.jpg,durian
1306.jpg,guava
4062.jpg,dragonfruit
2072.jpg,waterguava
2919.jpg,mangosteen
2598.jpg,banana
3392.jpg,suweg
1524.jpg,waterguava
2371.jpg,dragonfruit
231.jpg,suweg
3374.jpg,nilam
643.jpg,bamboo
4459.jpg,papaya
3326.jpg,cacao
3124.jpg,dragonfruit
499.jpg,zodia
2154.jpg,bamboo
1365.jpg,lychee
3456.jpg,bamboo
4457.jpg,starfruit
1113.jpg,waterguava
1356.jpg,durian
3422.jpg,mangosteen
2480.jpg,waterguava
2604.jpg,sugarpalm
1403.jpg,passiflora
508.jpg,starfruit
3915.jpg,cacao
1500.jpg,durian
4486.jpg,guava
1199.jpg,vanilla
1176.jpg,cacao
2254.jpg,taro
3232.jpg,mangosteen
1775.jpg,lychee
4491.jpg,durian
19.jpg,jackfruit
2315.jpg,nilam
4232.jpg,suweg
201.jpg,papaya
2084.jpg,banana
2930.jpg,dragonfruit
3254.jpg,passiflora
4542.jpg,jackfruit
303.jpg,passiflora
725.jpg,whitepepper
1519.jpg,bamboo
2489.jpg,mangosteen
1704.jpg,cacao
2569.jpg,vanilla
4475.jpg,banana
514.jpg,suweg
1921.jpg,jackfruit
4362.jpg,vanilla
3487.jpg,dragonfruit
866.jpg,durian
2246.jpg,guava
87.jpg,guava
2438.jpg,banana
2369.jpg,coffeearabica
1429.jpg,zodia
2439.jpg,frangipani
873.jpg,banana
670.jpg,frangipani
2924.jpg,guava
47.jpg,passiflora
1957.jpg,zodia
3048.jpg,lychee
612.jpg,cacao
562.jpg,bamboo
282.jpg,banana
4201.jpg,bamboo
547.jpg,vanilla
93.jpg,sugarpalm
470.jpg,banana
3849.jpg,zodia
2865.jpg,durian
2946.jpg,cacao
4427.jpg,starfruit
3087.jpg,durian
2507.jpg,jackfruit
4112.jpg,taro
4604.jpg,jackfruit
1441.jpg,jackfruit
1720.jpg,papaya
4040.jpg,papaya
170.jpg,cinnamon
2083.jpg,sawo
1253.jpg,vanilla
3020.jpg,coffeearabica
3856.jpg,bamboo
3991.jpg,cinnamon
4123.jpg,dragonfruit
857.jpg,snakefruit
2781.jpg,vanilla
2593.jpg,cinnamon
3507.jpg,mangosteen
4332.jpg,bamboo
4417.jpg,jackfruit
983.jpg,whitepepper
707.jpg,banana
2802.jpg,bamboo
2519.jpg,durian
2776.jpg,papaya
3412.jpg,taro
3423.jpg,jackfruit
1444.jpg,zodia
428.jpg,cinnamon
4034.jpg,mango
1852.jpg,bamboo
3533.jpg,zodia
3132.jpg,coffeearabica
4147.jpg,papaya
1456.jpg,cacao
2122.jpg,zodia
1653.jpg,cacao
1193.jpg,suweg
3171.jpg,banana
1806.jpg,durian
1065.jpg,durian
324.jpg,papaya
2818.jpg,durian
1609.jpg,mangosteen
1739.jpg,bamboo
2381.jpg,cacao
2106.jpg,zodia
2493.jpg,jackfruit
2945.jpg,vanilla
457.jpg,waterguava
3526.jpg,whitepepper
1977.jpg,sugarpalm
803.jpg,bamboo
3936.jpg,whitepepper
1530.jpg,nilam
2583.jpg,sugarpalm
1246.jpg,guava
3309.jpg,papaya
3904.jpg,mangosteen
2617.jpg,dragonfruit
2358.jpg,passiflora
3575.jpg,bamboo
4311.jpg,papaya
4250.jpg,banana
689.jpg,jackfruit
2007.jpg,zodia
1115.jpg,sawo
3982.jpg,sugarpalm
2206.jpg,vanilla
4598.jpg,waterguava
2855.jpg,sawo
3561.jpg,waterguava
4094.jpg,whitepepper
1377.jpg,durian
14.jpg,mango
1284.jpg,frangipani
4180.jpg,cacao
2926.jpg,nilam
1965.jpg,vanilla
823.jpg,nilam
549.jpg,guava
2729.jpg,cinnamon
2647.jpg,vanilla
1602.jpg,nilam
2916.jpg,jackfruit
1357.jpg,papaya
860.jpg,coffeearabica
2577.jpg,mangosteen
2956.jpg,banana
2069.jpg,banana
3439.jpg,snakefruit
4477.jpg,frangipani
2765.jpg,whitepepper
3679.jpg,sawo
2498.jpg,cacao
3628.jpg,zodia
2875.jpg,papaya
2904.jpg,vanilla
2359.jpg,frangipani
2124.jpg,guava
1537.jpg,mangosteen
1226.jpg,whitepepper
3413.jpg,coffeearabica
2062.jpg,durian
1864.jpg,durian
1811.jpg,nilam
2355.jpg,durian
519.jpg,passiflora
3630.jpg,mango
18.jpg,mangosteen
1179.jpg,taro
697.jpg,sawo
4396.jpg,taro
1757.jpg,mango
2045.jpg,zodia
175.jpg,whitepepper
3170.jpg,passiflora
3516.jpg,mango
1333.jpg,frangipani
3997.jpg,bamboo
268.jpg,frangipani
2989.jpg,durian
1120.jpg,dragonfruit
2768.jpg,snakefruit
2665.jpg,vanilla
2432.jpg,whitepepper
3772.jpg,starfruit
4045.jpg,guava
517.jpg,bamboo
1276.jpg,banana
2147.jpg,bamboo
953.jpg,durian
960.jpg,guava
2398.jpg,sugarpalm
526.jpg,frangipani
1741.jpg,dragonfruit
607.jpg,lychee
2452.jpg,jackfruit
345.jpg,nilam
3845.jpg,starfruit
1229.jpg,zodia
316.jpg,snakefruit
226.jpg,papaya
1052.jpg,mangosteen
3081.jpg,zodia
1553.jpg,cinnamon
3061.jpg,lychee
3433.jpg,cinnamon
1338.jpg,starfruit
3971.jpg,banana
2870.jpg,vanilla
1114.jpg,mangosteen
3564.jpg,sugarpalm
1641.jpg,zodia
740.jpg,coffeearabica
2484.jpg,taro
3211.jpg,mangosteen
4381.jpg,passiflora
1317.jpg,jackfruit
1525.jpg,nilam
4282.jpg,jackfruit
637.jpg,dragonfruit
462.jpg,frangipani
3055.jpg,taro
2090.jpg,papaya
3100.jpg,starfruit
1509.jpg,starfruit
116.jpg,waterguava
2446.jpg,cinnamon
1969.jpg,lychee
4149.jpg,durian
2287.jpg,mangosteen
4114.jpg,snakefruit
4257.jpg,mango
2015.jpg,bamboo
4216.jpg,passiflora
2467.jpg,snakefruit
2053.jpg,sawo
898.jpg,mango
1768.jpg,jackfruit
2383.jpg,suweg
2215.jpg,banana
1111.jpg,frangipani
4622.jpg,jackfruit
4505.jpg,sawo
985.jpg,zodia
4158.jpg,bamboo
1516.jpg,coffeearabica
3450.jpg,bamboo
4085.jpg,passiflora
1195.jpg,bamboo
1752.jpg,suweg
1633.jpg,banana
2337.jpg,passiflora
3445.jpg,lychee
1891.jpg,waterguava
3152.jpg,whitepepper
3159.jpg,jackfruit
1367.jpg,sawo
2494.jpg,mangosteen
2525.jpg,cinnamon
1334.jpg,durian
827.jpg,lychee
614.jpg,snakefruit
962.jpg,sawo
4547.jpg,nilam
2805.jpg,waterguava
3069.jpg,starfruit
3290.jpg,sugarpalm
3712.jpg,banana
2025.jpg,cinnamon
1732.jpg,bamboo
78.jpg,bamboo
2669.jpg,starfruit
3945.jpg,guava
2250.jpg,papaya
1966.jpg,coffeearabica
1285.jpg,dragonfruit
4078.jpg,whitepepper
1866.jpg,zodia
2052.jpg,papaya
4545.jpg,durian
2706.jpg,nilam
2370.jpg,vanilla
2968.jpg,taro
1576.jpg,whitepepper
1220.jpg,vanilla
4294.jpg,banana
3938.jpg,sugarpalm
2786.jpg,starfruit
3635.jpg,mangosteen
3528.jpg,starfruit
3324.jpg,whitepepper
3357.jpg,nilam
2303.jpg,papaya
3932.jpg,taro
2049.jpg,whitepepper
2115.jpg,sugarpalm
320.jpg,cinnamon
367.jpg,taro
4524.jpg,cacao
1989.jpg,waterguava
2750.jpg,jackfruit
3824.jpg,bamboo
433.jpg,nilam
1513.jpg,durian
4607.jpg,frangipani
1945.jpg,bamboo
4223.jpg,cinnamon
3599.jpg,bamboo
3762.jpg,suweg
266.jpg,papaya
2354.jpg,papaya
3379.jpg,vanilla
1835.jpg,durian
3133.jpg,durian
899.jpg,durian
2841.jpg,waterguava
4046.jpg,taro
245.jpg,jackfruit
1542.jpg,bamboo
2679.jpg,banana
4577.jpg,jackfruit
861.jpg,vanilla
2328.jpg,frangipani
335.jpg,vanilla
1552.jpg,bamboo
2856.jpg,dragonfruit
1617.jpg,coffeearabica
1248.jpg,starfruit
4195.jpg,jackfruit
460.jpg,cacao
3955.jpg,jackfruit
1005.jpg,dragonfruit
648.jpg,guava
232.jpg,waterguava
1908.jpg,frangipani
883.jpg,starfruit
4365.jpg,waterguava
4058.jpg,dragonfruit
752.jpg,starfruit
2044.jpg,guava
2410.jpg,passiflora
108.jpg,dragonfruit
2739.jpg,dragonfruit
2105.jpg,suweg
1659.jpg,lychee
3155.jpg,guava
1587.jpg,banana
1953.jpg,lychee
3386.jpg,starfruit
1394.jpg,banana
3792.jpg,durian
3168.jpg,coffeearabica
49.jpg,nilam
890.jpg,guava
1452.jpg,sawo
1442.jpg,coffeearabica
969.jpg,mangosteen
797.jpg,durian
2301.jpg,coffeearabica
2203.jpg,banana
796.jpg,durian
3939.jpg,taro
2158.jpg,durian
2004.jpg,cacao
3553.jpg,starfruit
203.jpg,nilam
2545.jpg,taro
1693.jpg,vanilla
3756.jpg,suweg
1147.jpg,guava
3230.jpg,sugarpalm
640.jpg,bamboo
1184.jpg,mango
2248.jpg,passiflora
4015.jpg,bamboo
3788.jpg,guava
3071.jpg,guava
1390.jpg,zodia
1647.jpg,jackfruit
1046.jpg,frangipani
2121.jpg,passiflora
2685.jpg,taro
679.jpg,jackfruit
1264.jpg,sawo
1869.jpg,frangipani
4579.jpg,cinnamon
3416.jpg,sawo
2757.jpg,passiflora
714.jpg,sugarpalm
3589.jpg,mango
542.jpg,taro
3197.jpg,papaya
1652.jpg,jackfruit
1407.jpg,papaya
3640.jpg,papaya
1937.jpg,passiflora
505.jpg,starfruit
3508.jpg,papaya
1643.jpg,lychee
2549.jpg,zodia
4263.jpg,durian
3940.jpg,starfruit
3636.jpg,waterguava
1973.jpg,cacao
3272.jpg,banana
4331.jpg,coffeearabica
4243.jpg,guava
4344.jpg,waterguava
3914.jpg,nilam
2994.jpg,snakefruit
2544.jpg,bamboo
2192.jpg,dragonfruit
2390.jpg,whitepepper
3178.jpg,sawo
3447.jpg,lychee
2879.jpg,passiflora
66.jpg,zodia
4570.jpg,passiflora
3368.jpg,taro
2220.jpg,starfruit
801.jpg,starfruit
3584.jpg,guava
1143.jpg,mango
1230.jpg,nilam
1425.jpg,passiflora
511.jpg,zodia
1578.jpg,waterguava
1717.jpg,lychee
632.jpg,sugarpalm
3638.jpg,banana
1227.jpg,sugarpalm
1321.jpg,vanilla
298.jpg,durian
1747.jpg,nilam
1662.jpg,dragonfruit
2572.jpg,cinnamon
2074.jpg,vanilla
1467.jpg,mango
2234.jpg,dragonfruit
2173.jpg,dragonfruit
483.jpg,guava
2260.jpg,mangosteen
3514.jpg,papaya
306.jpg,snakefruit
1594.jpg,starfruit
3314.jpg,suweg
4593.jpg,dragonfruit
2179.jpg,bamboo
1681.jpg,mango
1504.jpg,cacao
2524.jpg,whitepepper
3818.jpg,snakefruit
3569.jpg,suweg
881.jpg,nilam
2345.jpg,mango
839.jpg,bamboo
2205.jpg,sugarpalm
3565.jpg,snakefruit
4140.jpg,lychee
4438.jpg,jackfruit
647.jpg,taro
3210.jpg,papaya
1841.jpg,waterguava
395.jpg,durian
423.jpg,jackfruit
2566.jpg,suweg
3738.jpg,waterguava
1612.jpg,bamboo
1689.jpg,vanilla
1204.jpg,sawo
3988.jpg,lychee
3925.jpg,durian
3820.jpg,sugarpalm
986.jpg,bamboo
3540.jpg,whitepepper
3930.jpg,banana
3056.jpg,mangosteen
3042.jpg,sugarpalm
3572.jpg,waterguava
307.jpg,durian
1057.jpg,taro
593.jpg,banana
1322.jpg,taro
3673.jpg,frangipani
504.jpg,banana
2504.jpg,starfruit
2299.jpg,coffeearabica
129.jpg,durian
3307.jpg,papaya
735.jpg,coffeearabica
875.jpg,taro
2.jpg,dragonfruit
3954.jpg,starfruit
3947.jpg,dragonfruit
205.jpg,lychee
3237.jpg,guava
4150.jpg,zodia
3154.jpg,starfruit
2586.jpg,bamboo
3022.jpg,durian
422.jpg,mangosteen
4614.jpg,jackfruit
3187.jpg,cinnamon
4296.jpg,cacao
2180.jpg,zodia
2197.jpg,cacao
133.jpg,vanilla
2686.jpg,cacao
3927.jpg,zodia
1265.jpg,papaya
304.jpg,waterguava
2188.jpg,taro
551.jpg,dragonfruit
4534.jpg,durian
2263.jpg,jackfruit
1165.jpg,durian
3126.jpg,vanilla
1379.jpg,starfruit
1581.jpg,lychee
2682.jpg,dragonfruit
1521.jpg,coffeearabica
3150.jpg,snakefruit
3667.jpg,mango
2320.jpg,sugarpalm
315.jpg,nilam
3784.jpg,banana
1970.jpg,suweg
3875.jpg,zodia
1090.jpg,durian
1358.jpg,whitepepper
134.jpg,nilam
810.jpg,taro
1061.jpg,suweg
989.jpg,lychee
1994.jpg,coffeearabica
2313.jpg,suweg
1323.jpg,suweg
3415.jpg,guava
4412.jpg,waterguava
3206.jpg,cacao
3315.jpg,mangosteen
4377.jpg,jackfruit
4082.jpg,nilam
1906.jpg,durian
1445.jpg,mangosteen
2788.jpg,bamboo
1155.jpg,frangipani
1016.jpg,passiflora
987.jpg,jackfruit
2772.jpg,waterguava
218.jpg,passiflora
3767.jpg,starfruit
635.jpg,papaya
3545.jpg,frangipani
249.jpg,frangipani
1883.jpg,vanilla
3174.jpg,starfruit
213.jpg,taro
2026.jpg,lychee
2198.jpg,jackfruit
1698.jpg,cacao
3617.jpg,jackfruit
1149.jpg,durian
1135.jpg,mangosteen
830.jpg,coffeearabica
1399.jpg,mango
3070.jpg,nilam
2088.jpg,banana
431.jpg,papaya
1283.jpg,starfruit
3340.jpg,coffeearabica
2322.jpg,bamboo
3137.jpg,sawo
1851.jpg,sugarpalm
3511.jpg,mangosteen
597.jpg,cinnamon
3734.jpg,taro
4101.jpg,vanilla
4374.jpg,jackfruit
4575.jpg,starfruit
4186.jpg,whitepepper
2832.jpg,mango
3031.jpg,taro
4154.jpg,frangipani
461.jpg,durian
1923.jpg,lychee
1021.jpg,coffeearabica
136.jpg,cacao
1015.jpg,cacao
4203.jpg,waterguava
1538.jpg,guava
3706.jpg,cinnamon
1252.jpg,coffeearabica
1861.jpg,passiflora
1849.jpg,banana
2212.jpg,starfruit
2461.jpg,taro
1236.jpg,guava
3536.jpg,whitepepper
2151.jpg,taro
3911.jpg,frangipani
1976.jpg,suweg
1515.jpg,zodia
1141.jpg,mangosteen
3737.jpg,frangipani
3496.jpg,durian
4335.jpg,banana
4143.jpg,taro
2861.jpg,snakefruit
2769.jpg,waterguava
2710.jpg,dragonfruit
3774.jpg,sugarpalm
3882.jpg,jackfruit
2092.jpg,passiflora
3349.jpg,lychee
2884.jpg,jackfruit
3695.jpg,jackfruit
925.jpg,taro
2969.jpg,coffeearabica
4466.jpg,papaya
1903.jpg,coffeearabica
2689.jpg,frangipani
3613.jpg,coffeearabica
3495.jpg,suweg
454.jpg,dragonfruit
2607.jpg,cacao
605.jpg,jackfruit
754.jpg,lychee
753.jpg,guava
364.jpg,papaya
2691.jpg,jackfruit
90.jpg,jackfruit
599.jpg,bamboo
25.jpg,dragonfruit
4490.jpg,vanilla
3267.jpg,suweg
1201.jpg,whitepepper
3120.jpg,papaya
2867.jpg,durian
1801.jpg,dragonfruit
3000.jpg,taro
4421.jpg,cinnamon
1979.jpg,mangosteen
3059.jpg,snakefruit
3410.jpg,zodia
2085.jpg,dragonfruit
147.jpg,nilam
921.jpg,frangipani
4463.jpg,guava
3950.jpg,frangipani
728.jpg,jackfruit
1656.jpg,zodia
3361.jpg,durian
2599.jpg,starfruit
